date,n,n_tradable,top1_code,top1_true,top1_pred_gap,best_true_all,best_true_tradable,regret_vs_best_tradable,top3_mean,top5_mean,score_std,score_max_prob,score_entropy,hit_top1_in_true10,hit_top1_in_true20,hit_top1_in_true50,overlap_pred10_true10,overlap_pred10_true20,overlap_pred10_true50,overlap_pred20_true10,overlap_pred20_true20,overlap_pred20_true50,overlap_pred50_true10,overlap_pred50_true20,overlap_pred50_true50
2024-01-02,2783,2782,SZ000692,-0.033707865,0.001585480000000028,0.20687538,0.20687538,0.240583245,-0.0009675273333333336,-0.0216301318,0.00407236035724203,0.0003668465154348305,7.931276450821507,0,0,0,0,0,2,0,0,2,0,1,7
2024-01-03,2788,2787,SH603333,-0.1029106,0.0005060499999999246,0.20669056,0.20669056,0.30960116,-0.08079751033333334,-0.05862717700000001,0.004154251513954936,0.00036524489608174914,7.9330711209451685,0,0,0,0,0,0,0,2,3,1,3,5
2024-01-04,2787,2787,SZ000595,-0.013888889,0.0010203999999999214,0.22803836,0.22803836,0.24192724899999998,-0.09585810133333333,-0.045128182700000005,0.0041367801984781806,0.00036548595282080135,7.93271244707944,0,0,0,1,2,3,1,2,4,2,4,7
2024-01-05,2791,2790,SZ000820,-0.05595238,0.00127996000000008,0.19753498,0.19753498,0.25348736,0.022434154666666664,0.0010116953999999997,0.004033702925194308,0.00036489105126588276,7.93414707729824,0,0,0,2,2,3,2,2,5,3,5,11
2024-01-08,2792,2792,SH603099,0.0984764,0.0010945399999999772,0.20354523,0.20354523,0.10506882999999999,0.054380748666666666,0.0036671591999999976,0.003970524886783786,0.000365020552445043,7.934505557889726,0,0,1,0,1,2,1,2,4,2,4,6
2024-01-09,2787,2787,SH600198,-0.16867469,0.009869699999999981,0.1949918,0.1949918,0.36366648999999995,-0.018348986666666664,-0.013413970639999998,0.004243032276708317,0.0003688762628456783,7.932712001857556,0,0,0,1,1,2,2,3,4,3,6,8
2024-01-10,2788,2786,SH603099,-0.06755895,0.0025817599999999885,0.19764508,0.19764508,0.26520403000000004,0.0008534499999999964,0.0249872628,0.004342529463638033,0.00036618784772896837,7.933070317125107,0,0,0,0,2,2,1,3,4,2,4,11
2024-01-11,2788,2787,SH600744,0.3815029,0.0014789600000000291,0.3815029,0.3815029,0.0,0.15437960333333334,0.060113700000000006,0.004381988524200845,0.00036643733931666797,7.933070147988311,1,1,1,2,3,3,3,4,5,3,5,8
2024-01-12,2787,2786,SH600744,-0.09874477,0.0033777999999999864,0.20607029,0.20607029,0.30481505999999997,0.057041911333333334,0.06729411019999999,0.00433039270298822,0.00036716713025426685,7.932711628109873,0,0,0,2,2,3,2,2,5,4,5,11
2024-01-15,2787,2786,SH600744,-0.070566386,0.004332549999999991,0.21861087,0.21861087,0.289177256,-0.04252445933333333,0.003112121000000001,0.004268293840029758,0.00036699866382129036,7.932711893876819,0,0,0,1,3,4,1,3,5,3,8,11
2024-01-16,2791,2791,SZ000017,0.069424964,0.00013161000000005973,0.2798574,0.2798574,0.21043243599999997,-0.03162253533333333,-0.0652221752,0.004125470507110448,0.0003651478217780888,7.934146701357494,0,1,1,0,1,3,0,1,4,1,3,6
2024-01-17,2792,2791,SZ000017,0.050163936,0.0014103000000000865,0.23047318,0.23047318,0.180309244,-0.008065946333333332,-0.0377213226,0.00405744451375469,0.0003658833718129853,7.934505209372556,0,0,0,0,1,1,2,3,3,2,6,8
2024-01-18,2806,2805,SZ000017,0.1539182,0.008261689999999988,0.17290322,0.17290322,0.01898501999999999,0.020345456,0.0017687638000000022,0.0036560911581662086,0.0003660306313506575,7.939508558739939,1,1,1,2,3,3,2,3,4,3,4,6
2024-01-19,2803,2802,SZ000017,0.13041125,0.0037793999999999883,0.20972973,0.20972973,0.07931848,-0.07242474666666666,-0.110837777,0.004098097944004687,0.0003644756663001826,7.93843713299948,1,1,1,1,1,2,2,3,5,3,5,8
2024-01-22,2813,2812,SH600198,0.08791209,0.00535170000000007,0.2071066,0.2071066,0.11919451,-0.01984923166666667,-0.013744950500000002,0.0037361084466323875,0.00036500402610998206,7.941999817542458,0,0,1,0,0,3,0,0,5,2,3,8
2024-01-23,2817,2816,SH600198,0.08585858,0.004357280000000019,0.28027868,0.28027868,0.19442009999999998,0.060623516666666676,0.025120001000000003,0.003957607561982515,0.00036471273252817825,7.943419925859798,0,0,0,1,1,1,2,2,3,3,5,11
2024-01-24,2822,2819,SH600198,0.2139535,0.01070663999999999,0.21882352,0.21882352,0.004870020000000003,0.13127085833333332,0.10308875420000001,0.003966050831864381,0.0003644341365370676,7.945193255822209,1,1,1,1,1,3,1,1,4,1,1,6
2024-01-25,2822,2820,SH600198,0.07279693,0.012382699999999969,0.2113276,0.2113276,0.13853067000000002,-0.0009834356666666665,-0.0186443106,0.004039469748597735,0.0003651179745938775,7.945192962952678,0,0,1,1,1,2,2,3,4,2,3,8
2024-01-26,2824,2824,SH600198,-0.14285715,0.004137400000000069,0.19125684,0.19125684,0.33411398999999997,-0.12971509166666664,-0.11838697899999999,0.0040389132044981535,0.00036360672021027547,7.945901425012943,0,0,0,1,1,2,1,2,3,3,5,7
2024-01-29,2823,2822,SH600198,-0.20833333,0.008782100000000015,0.19202393,0.19202393,0.40035726000000005,-0.08844952533333333,-0.091514706,0.003833674521924576,0.00036320581377477165,7.945548064820194,0,0,0,0,0,0,1,2,2,1,3,6
2024-01-30,2822,2821,SH600198,-0.23157895,0.008103700000000047,0.19472362,0.19472362,0.42630257,-0.09629243666666669,-0.10243803520000001,0.00384310418285569,0.0003633400895606499,7.945193733194341,0,0,0,1,1,1,1,2,2,3,6,6
2024-01-31,2822,2822,SH600198,-0.10273973,0.010294070000000044,0.24152543,0.24152543,0.34426516,-0.09756593000000001,-0.08981587399999999,0.004239217498940785,0.0003669480095955354,7.945192132563618,0,0,0,0,0,1,0,1,2,2,3,4
2024-02-01,2823,2822,SH600198,-0.030534351,0.020658749999999948,0.14691943,0.14691943,0.17745378099999998,-0.042416141666666664,-0.111756415,0.004451204594640311,0.00036788986892172747,7.945545509408439,0,0,0,0,1,1,0,2,2,0,2,2
2024-02-02,2825,2825,SH600198,-0.48818898,0.015528600000000004,0.13191573,0.13191573,0.62010471,-0.4051340333333333,-0.369652266,0.005019126161479148,0.0003697965738420236,7.946251029370243,0,0,0,0,0,0,0,0,0,0,0,0
2024-02-05,2824,2823,SH600076,0.0,0.0007889000000000923,0.27464157,0.27464157,0.27464157,0.09960818666666667,0.0713368532,0.005077551200438126,0.0003714283375040782,7.945896683703098,0,0,0,1,2,2,3,4,4,4,8,11
2024-02-06,2828,2828,SH600076,-0.1865285,0.002873229999999949,0.23489477,0.23489477,0.42142327,-0.13009603333333333,-0.13242657260000001,0.005183173939115156,0.0003661582068830833,7.94731158685839,0,0,0,1,1,2,1,1,3,1,2,4
2024-02-07,2833,2831,SH600076,0.24840765,0.00936159999999997,1.6875,1.6875,1.43909235,0.81240437,0.649370314,0.006122323491102261,0.0003719435221725787,7.949072691694613,0,1,1,7,8,8,8,11,13,9,15,18
2024-02-08,2835,2831,SZ000889,0.15432099,0.0018753299999999529,0.20721312,0.20721312,0.05289213000000001,0.10844244333333335,0.11967646000000001,0.006207222158232836,0.00036472474894196744,7.949777942195864,1,1,1,1,2,3,1,3,6,1,3,9
2024-02-19,2836,2834,SH600076,0.055555556,0.0010014999999999885,0.2257251,0.2257251,0.170169544,0.06828990116666667,0.06010891804,0.0063222215337489255,0.0003633213569388792,7.950129883184009,0,0,0,1,1,2,1,1,3,2,2,5
2024-02-20,2835,2833,SZ000889,0.11574074,0.0030402000000000484,0.2571304,0.2571304,0.14138965999999997,0.11480349666666667,0.113629998,0.00596905390069829,0.00036298671869000875,7.949779374484709,0,0,1,1,3,6,2,4,8,3,7,16
2024-02-21,2837,2835,SH600076,0.014925373,0.0042687999999999615,0.205298,0.205298,0.19037262700000002,0.10242406766666667,0.0779931988,0.005657289780168619,0.0003624353953228009,7.950486413548305,0,0,0,1,1,2,2,2,3,4,4,7
2024-02-22,2837,2832,SH600198,0.2747253,0.005335299999999932,0.2747253,0.2747253,0.0,0.15916854166666666,0.141213539,0.0053451064201166165,0.0003624171580732035,7.950488130125951,1,1,1,2,2,4,2,3,5,3,5,7
2024-02-23,2836,2833,SH600198,-0.06465517,0.0043618100000000215,0.22778167,0.22778167,0.29243684,-0.024718389999999996,-0.0358181006,0.005465108603205914,0.0003623629690337142,7.950134935994081,0,0,0,0,0,0,1,1,2,1,1,3
2024-02-26,2839,2838,SH600198,0.22119816,0.0018096999999999142,0.3043478,0.3043478,0.08314964,0.24987078333333335,0.17243438300000002,0.005298419974535918,0.00036015592171601235,7.9511931128115965,1,1,1,3,4,4,5,6,7,5,8,11
2024-02-27,2841,2841,SH600076,-0.23333333,0.0034308699999999748,0.19969743,0.19969743,0.43303076,-0.27961126000000003,-0.23289799600000002,0.005191174526447529,0.00036112793646602586,7.951897896577266,0,0,0,0,1,1,1,2,2,2,3,4
2024-02-28,2842,2841,SH600076,0.26421404,0.0034680300000000663,0.33333334,0.33333334,0.0691193,0.16220375666666664,0.12832607799999998,0.005320008283305184,0.00036025413588806313,7.9522491549813665,1,1,1,1,1,4,2,2,8,3,3,13
2024-02-29,2842,2836,SH600076,-0.04232804,0.002143000000000006,0.1978852,0.1978852,0.24021324,-0.02866191,-0.035126827,0.004910439040425683,0.00035914456481781897,7.952251251132316,0,0,0,0,0,1,0,0,2,0,1,4
2024-03-01,2840,2838,SH600076,-0.11878453,0.0023215999999999237,0.23411816,0.23411816,0.35290268999999996,-0.07505796433333334,-0.0602286713,0.005045843902225281,0.0003595560458660847,7.951546599326548,0,0,0,0,0,0,0,0,0,0,0,2
2024-03-04,2841,2841,SH600076,-0.075235106,0.0011288999999999882,0.1887218,0.1887218,0.263956906,-0.038742544,-0.067699901,0.005143913003328708,0.00035866625178984434,7.951898151789434,0,0,0,0,0,0,0,0,0,2,3,3
2024-03-05,2841,2841,SZ000889,0.101604275,0.004017449999999978,0.25008303,0.25008303,0.148478755,0.04354779453333333,0.01847030652,0.005198023272869569,0.00035999628777450666,7.951897865013026,0,0,1,0,0,1,0,0,2,0,0,4
2024-03-06,2842,2842,SZ000889,-0.04368932,0.005882839999999945,0.15315789,0.15315789,0.19684721,-0.054125290333333326,-0.0337187708,0.0051556503023647915,0.0003607629494157124,7.952250011606015,0,0,0,0,0,0,0,0,1,2,3,8
2024-03-07,2839,2839,SZ000889,0.07106599,0.008130790000000054,0.1988773,0.1988773,0.12781131,0.04839469799999999,0.0381103476,0.0051706231478217315,0.00036205977071159266,7.9511937769733185,0,0,0,0,0,1,0,1,2,0,2,7
2024-03-08,2839,2838,SZ000889,0.07109005,0.006928040000000024,0.2862347,0.2862347,0.21514465,0.1260511,0.10012445368,0.004986624772121837,0.0003616988614433973,7.951194714386723,0,0,0,2,2,4,3,3,5,3,4,6
2024-03-11,2836,2836,SZ000889,-0.022123894,0.0076019499999999685,0.1713191,0.1713191,0.193442994,-0.03336825346666667,-0.052326670080000005,0.004856770722350904,0.0003612982602351165,7.95013809075591,0,0,0,0,1,1,0,1,1,0,2,3
2024-03-12,2834,2834,SZ000889,0.022624435,0.003892859999999998,0.20571429,0.20571429,0.183089855,0.057075279,0.016448577199999998,0.00478099912140628,0.0003616329243413912,7.9494329824021985,0,0,0,0,1,1,1,2,2,2,3,4
2024-03-13,2834,2831,SZ000889,-0.044247787,0.0037528000000000006,0.21089631,0.21089631,0.255144097,-0.005090623999999998,-0.012362692199999999,0.004925503792748575,0.0003607241305892697,7.949432285485388,0,0,0,0,2,2,0,2,4,2,4,7
2024-03-14,2834,2834,SH603580,0.09840843,0.0032051200000000613,0.20970266,0.20970266,0.11129423000000001,0.06909028900000001,0.053817413,0.004744382232299734,0.0003609168215397286,7.9494331570400085,0,0,1,1,1,3,2,2,4,2,3,8
2024-03-15,2830,2830,SZ002076,-0.19512194,0.005249659999999934,0.19909503,0.19909503,0.39421697,-0.06625858566666666,-0.026131213800000004,0.0046850916966355485,0.0003622813687657336,7.948021003582456,0,0,0,2,2,3,2,2,3,2,2,6
2024-03-18,2823,2823,SH603580,0.11739301,0.003756699999999946,0.20188679,0.20188679,0.08449378,0.00513532866666667,0.0343036248,0.004723922160957959,0.0003619218916491093,7.945544263680185,0,1,1,1,3,3,1,3,3,1,5,5
2024-03-19,2827,2824,SH603580,0.10154603,0.0009128999999999943,0.29847494,0.29847494,0.19692891,0.068064578,0.0800257388,0.004741885575295909,0.0003607375919386096,7.946960104361357,0,0,1,0,0,1,3,3,4,4,4,6
2024-03-20,2823,2822,SZ000889,-0.08888889,0.0013611999999999513,0.2069853,0.2069853,0.29587419000000004,-0.054705374333333334,-0.03548638080000001,0.00483663251069086,0.000361509261992498,7.945543720504816,0,0,0,0,1,1,0,1,2,1,5,8
2024-03-21,2825,2824,SH603580,-0.031092964,0.001643800000000084,0.21364985,0.21364985,0.244742814,-0.116783868,-0.047335508799999995,0.004815955727126436,0.00036131159963401823,7.9462520351599935,0,0,0,1,1,2,1,1,3,2,2,5
2024-03-22,2826,2825,SH603879,-0.054274086,0.0008917600000000192,0.44106463,0.44106463,0.495338716,-0.06347846,-0.05837481679999999,0.0045069626842544515,0.00036073438422478744,7.946607395320508,0,0,0,1,2,2,1,2,3,3,5,7
2024-03-25,2822,2820,SH603580,-0.07518162,0.00011468000000003364,0.21518987,0.21518987,0.29037149,-0.057507791,-0.032848320800000004,0.0045456605042537125,0.00036265072349722557,7.9451907894859035,0,0,0,0,1,1,0,1,3,1,2,8
2024-03-26,2819,2818,SZ002089,-0.40963855,0.009483569999999997,0.23243243,0.23243243,0.64207098,-0.16952394333333332,-0.03572300399999999,0.004616362283987669,0.0003649021826313331,7.944126827451677,0,0,0,2,3,3,2,3,4,2,5,10
2024-03-27,2808,2806,SZ002089,0.6938776,0.008596300000000001,0.6938776,0.6938776,0.0,0.27525671566666665,0.1477941874,0.004619791163020842,0.00036785925077271043,7.940217078771942,1,1,1,1,2,4,1,2,4,3,4,6
2024-03-28,2800,2798,SZ002089,-0.40963855,0.021621699999999966,0.18535826,0.18535826,0.59499681,-0.16767761666666667,-0.163593636,0.004766865480387785,0.0003722395441138519,7.937363316441236,0,0,0,0,0,0,0,0,2,1,1,6
2024-03-29,2798,2798,SZ002089,-0.3469388,0.010669150000000016,0.2520661,0.2520661,0.5990049,-0.13721281233333332,-0.11175029239999998,0.004688171148421821,0.0003693088736440015,7.936649153319543,0,0,0,0,1,1,0,1,1,0,4,8
2024-04-01,2805,2804,SZ002089,0.53125,0.014110029999999996,0.53125,0.53125,0.0,0.14053984166666666,0.08507766879999999,0.004431991119667088,0.0003680208849799799,7.939148988996787,1,1,1,2,2,2,3,4,6,4,6,11
2024-04-02,2810,2809,SZ002089,0.0,0.020530640000000044,0.20038168,0.20038168,0.20038168,0.09306679666666667,0.019202086,0.00454110608795394,0.0003701187706610348,7.940929432907245,0,0,0,2,3,3,3,4,4,6,7,8
2024-04-03,2809,2808,SZ002089,0.3469388,0.011822699999999964,0.40561622,0.40561622,0.058677420000000036,0.060716518,0.026960566399999997,0.004450852743224536,0.00036750884467390797,7.940573904275194,1,1,1,1,1,1,1,2,3,1,2,4
2024-04-08,2814,2814,SZ002089,0.0,0.01575559999999998,0.17650513,0.17650513,0.17650513,0.03727759666666667,0.004412532999999999,0.004406783198359543,0.000369410630071983,7.9423525061946,0,0,0,1,2,2,1,2,4,1,2,7
2024-04-09,2817,2817,SZ002089,0.5151515,0.018225430000000098,0.5151515,0.5151515,0.0,0.11331366433333334,0.0853501046,0.004530983581864159,0.0003687693830301626,7.943417481022863,1,1,1,2,2,2,3,4,5,3,4,8
2024-04-10,2817,2817,SZ000889,-0.021186441,0.000648760000000026,0.1908506,0.1908506,0.212037041,-0.020665975333333333,-0.0488819192,0.004334827247228499,0.00036222123347437875,7.943418359253503,0,0,0,0,0,2,0,0,4,1,3,9
2024-04-11,2814,2814,SH600198,-0.1502146,0.004007800000000006,0.21860096,0.21860096,0.36881556000000004,-0.13513049666666666,-0.15371928399999998,0.0043479626209674245,0.0003632640253167264,7.94235277336645,0,0,0,0,0,0,1,1,2,3,6,9
2024-04-12,2815,2815,SH600198,-0.08080808,0.001097899999999985,0.17230347,0.17230347,0.25311154999999996,-0.19188835666666662,-0.1545858628,0.004440013732285681,0.00036231822415725426,7.942707670867175,0,0,0,1,1,1,1,1,1,1,1,2
2024-04-15,2822,2822,SH600076,-0.22169812,7.909999999999862e-05,0.17465957,0.17465957,0.39635769,-0.25183765,-0.236066156,0.00407689260828187,0.00036188338071332243,7.945192813372,0,0,0,0,0,0,1,1,2,3,6,7
2024-04-16,2826,2826,SH600198,0.42105263,0.007145999999999986,0.42105263,0.42105263,0.0,0.28579125666666666,0.22123335000000002,0.004419701038834158,0.00036844808749638303,7.946607774881782,1,1,1,3,4,5,3,4,6,4,5,8
2024-04-17,2824,2824,SH600198,-0.018518519,0.0008866499999999888,0.19197877,0.19197877,0.210497289,-0.28094890633333336,-0.18237083700000004,0.005241279074347378,0.0003648512768029736,7.945895846884833,0,0,0,0,0,0,0,0,0,2,2,2
2024-04-18,2822,2822,SZ000889,0.6666667,0.007485090000000083,0.6666667,0.6666667,0.0,0.10398268533333331,0.023403951999999985,0.0049017303511453576,0.0003659073027703213,7.945189099906302,1,1,1,1,1,1,3,3,3,3,4,6
2024-04-19,2821,2819,SH600076,-0.02259887,0.0016818499999999847,0.8214286,0.8214286,0.84402747,0.021629960000000004,0.15048921199999998,0.004896584754317414,0.00037142172534360406,7.944834699236993,0,0,0,2,2,2,2,2,2,3,3,3
2024-04-22,2817,2815,SH600076,0.06936416,0.0026654999999999873,0.24670433,0.24670433,0.17734017000000002,0.023121386666666664,0.030950691399999997,0.00468481212356209,0.00036450421478665903,7.9434167825353725,0,0,1,1,2,3,1,2,4,3,5,8
2024-04-23,2811,2808,SH600076,0.05945946,0.003915499999999961,0.2749411,0.2749411,0.21548164,0.064358391,0.06766763760000001,0.004715274741012489,0.000365978780709073,7.941284438998672,0,0,0,2,4,6,4,6,10,4,6,10
2024-04-24,2810,2807,SZ000889,-0.11111111,0.015067139999999979,0.20338982,0.20338982,0.31450093,0.037562291,0.059294130599999995,0.0048284220789378005,0.00037006734481724503,7.940928085709334,0,0,0,3,3,3,3,3,4,4,5,6
2024-04-25,2809,2808,SZ000889,-0.75,0.011106300000000013,0.2237158,0.2237158,0.9737158,-0.22020344283333335,-0.1484938552,0.004755316210605315,0.00036854784828654164,7.940572505052813,0,0,0,0,0,0,1,1,1,3,3,4
2024-04-26,2806,2804,SZ000889,6.9,0.025942600000000038,6.9,6.9,0.0,2.3834912433333333,1.4843248226,0.004364496291988798,0.00037411122985966076,7.9395057125693125,1,1,1,2,3,6,3,5,9,5,8,15
2024-04-29,2806,2805,SH600076,-0.032258064,0.0018584600000000062,0.43037975,0.18823853,0.220496594,-0.014949019333333334,-0.006467308200000002,0.004215706629999309,0.00036881777100333454,7.939506362157882,0,0,0,1,1,1,1,1,1,2,2,2
2024-04-30,2781,2780,SH600727,0.10063272,0.0007930299999999724,0.30973452,0.1816839,0.08105118000000001,0.0528929,0.063161214,0.004200357878388981,0.0003753568766564719,7.93055701276708,0,0,1,1,1,3,1,1,4,3,3,8
2024-05-06,2818,2816,SZ000692,0.14096302,0.0005870700000000229,0.2635135,0.20344457,0.06248155,0.07388476399999999,0.07475186999999998,0.004167303923623043,0.0003670288009267843,7.943773997919797,1,1,1,3,3,4,3,3,5,4,6,12
2024-05-07,2816,2813,SH600727,0.018130746,0.0022985899999999893,0.24937965,0.24937965,0.231248904,-0.04713045800000001,-0.0550349542,0.0044467584696324305,0.0003639738345041148,7.943062820201533,0,0,0,1,1,2,3,4,5,3,5,7
2024-05-08,2814,2812,SZ000889,0.12182741,0.012870240000000033,0.18341807,0.18341807,0.06159065999999999,0.030299858333333332,-0.013854086600000001,0.004505962126334131,0.0003667240442495637,7.942352073156946,0,1,1,0,1,1,0,2,3,2,4,6
2024-05-09,2812,2811,SZ000889,0.022624435,0.007427349999999944,0.26054853,0.26054853,0.237924095,-0.05913652833333333,-0.0597115632,0.004457982133154578,0.0003649297903941813,7.941641304851396,0,0,0,0,0,0,1,1,1,2,3,3
2024-05-10,2812,2811,SZ000889,-0.06637168,0.004981200000000019,0.16367102,0.16367102,0.2300427,-0.076954643,-0.02940704520000001,0.00449331536915409,0.00036454297551624264,7.941641146025987,0,0,0,0,0,2,0,0,2,3,5,11
2024-05-13,2811,2810,SZ000889,0.27962086,0.0032629000000000685,0.27962086,0.27962086,0.0,0.08802715133333334,0.0388718336,0.004236904047100353,0.0003634373816349421,7.9412865838714275,1,1,1,1,2,2,2,3,6,3,4,9
2024-05-14,2815,2814,SZ000889,0.14444445,0.00040733000000003905,0.19735038,0.19735038,0.05290592999999999,0.11936639266666667,0.0635567442,0.00432255313033323,0.0003621242059564517,7.942708187184461,1,1,1,2,2,2,2,2,4,4,4,9
2024-05-15,2813,2812,SH600198,-0.010695187,0.0004944999999999533,0.20201097,0.20201097,0.212706157,-0.060808698333333334,-0.010617312200000003,0.004419609160095676,0.00036238090640278094,7.941997029235693,0,0,0,0,0,1,2,2,4,3,4,8
2024-05-16,2806,2806,SH600198,0.097297296,0.001406789999999991,0.19923858,0.19923858,0.101941284,0.13121248866666665,0.0521531829,0.0043507397817910114,0.00036306224225766026,7.9395057850798025,0,0,1,1,2,5,2,3,7,3,4,9
2024-05-17,2802,2801,SH600198,-0.07881773,0.00896227000000005,0.16393442,0.16393442,0.24275215,-0.08590743266666667,-0.0668993762,0.004392275264051558,0.0003664214895144035,7.938079062032299,0,0,0,0,2,2,1,3,5,2,4,7
2024-05-20,2796,2796,SH600198,-0.06417112,0.006551959999999912,0.16176471,0.16176471,0.22593583,-0.009713968666666664,-0.005886497999999999,0.0043536625309536486,0.00036738937519490783,7.935935609672031,0,0,0,1,2,3,3,6,7,3,6,9
2024-05-21,2796,2795,SH600198,-0.017142856,0.004078139999999952,0.1925974,0.1925974,0.209740256,-0.012359496,0.0382417068,0.004290748807454878,0.00036547391539532253,7.935935883877935,0,0,0,1,2,4,1,2,4,1,2,5
2024-05-22,2795,2795,SZ000889,-0.035714287,0.0015413699999999864,0.18442415,0.18442415,0.22013843700000002,-0.05480309666666666,-0.010525059399999998,0.004323542484163888,0.0003654093828069673,7.935578024131286,0,0,0,1,1,1,1,1,1,3,4,4
2024-05-23,2789,2788,SZ000889,0.14285715,0.0007927999999999269,0.16975537,0.16975537,0.02689822,0.022837760666666665,-0.008294506800000002,0.004060339062248141,0.00036611166136261953,7.933430129812471,1,1,1,1,1,1,1,1,2,2,2,4
2024-05-24,2791,2791,SZ000889,0.032407407,0.0068923499999999915,0.2581888,0.2581888,0.225781393,-0.002636736333333334,0.0329617002,0.004177591656914066,0.0003691073920930584,7.934146486746817,0,0,0,2,2,3,2,2,3,2,4,6
2024-05-27,2789,2788,SZ000889,0.10986547,0.008318009999999987,0.19804287,0.19804287,0.0881774,-0.043898173333333325,-0.1279982728,0.004116552610976815,0.0003690467227778313,7.933429897790085,0,1,1,2,3,3,4,5,6,5,7,9
2024-05-28,2786,2786,SZ000889,0.030303031,0.005350960000000016,0.25535882,0.25535882,0.22505578899999998,-0.11868265266666667,-0.0864989632,0.004200167344837522,0.00037028853624598027,7.932353311178655,0,0,0,0,0,0,2,2,2,2,2,4
2024-05-29,2776,2775,SZ000889,-0.07647059,0.01734990000000003,0.23340471,0.23340471,0.30987529999999996,-0.09038522333333333,-0.040625692000000005,0.004247616590803983,0.000377239582564766,7.928757269377404,0,0,0,0,0,1,1,1,2,1,2,4
2024-05-30,2767,2767,SZ000793,-0.4460094,0.016322049999999977,0.35436863,0.35436863,0.8003780300000001,-0.16200313333333333,-0.14435353999999997,0.004341662636969883,0.00037900166617074103,7.925509518150194,0,0,0,3,3,3,3,4,4,3,5,7
2024-05-31,2749,2748,SZ000793,0.34745762,0.009196399999999993,0.34745762,0.34745762,0.0,0.040600965666666676,0.0009864086000000022,0.004270711242687044,0.0003756834370106739,7.918983346597338,1,1,1,2,2,2,3,3,3,5,5,5
2024-06-03,2746,2744,SH600198,-0.16197184,0.0020880399999999577,1.2767296,0.3714609,0.53343274,0.024784643333333328,0.013040103399999997,0.004039302797991834,0.00037851366394449587,7.9178924078321735,0,0,0,3,3,3,3,3,3,5,6,6
2024-06-04,2742,2740,SH600198,0.10084034,0.009168040000000044,0.13423914,0.13423914,0.033398800000000006,0.028430076666666665,0.0079845866,0.004128664546238748,0.0003743862283044171,7.91643432244647,1,1,1,1,3,3,1,3,5,2,4,6
2024-06-05,2740,2739,SZ000622,-0.13333334,0.00436375,0.12826087,0.12826087,0.26159421,-0.17200289,-0.139740314,0.004249886420122406,0.00037839293510404944,7.915704135310259,0,0,0,1,1,1,1,2,2,2,3,4
2024-06-06,2746,2745,SH600198,0.03846154,0.0035844999999999905,0.33830845,0.27086008,0.23239854,0.09380408000000001,0.04211317000000001,0.004527776517531302,0.0003747626583253391,7.917890313398269,0,0,0,2,4,6,4,6,9,4,6,12
2024-06-07,2735,2732,SH600198,0.16666667,0.00470920000000008,0.27509293,0.16666667,0.0,0.027294331333333328,0.0007125639999999985,0.0048745446871453785,0.0003790731375538821,7.9138747993963605,1,1,1,3,3,3,4,4,4,4,5,5
2024-06-11,2732,2728,SH600198,0.007936508,0.007964230000000017,0.23760933,0.1884307,0.180494192,0.07637902266666667,0.0631804614,0.004698260748104866,0.0003794196859105846,7.912778151563501,0,0,0,4,5,7,4,6,8,4,7,13
2024-06-12,2722,2717,SH600198,0.03937008,0.0018886999999999654,0.3244552,0.3244552,0.28508511999999997,-0.06571240333333334,-0.059339755400000006,0.004929719882911519,0.0003786220472685909,7.9091099996120615,0,0,1,2,2,3,3,3,4,4,7,10
2024-06-13,2719,2716,SH600198,0.0,0.0016158500000000853,0.16750842,0.16750842,0.16750842,-0.023141476666666664,-0.0671848306,0.004667828035823835,0.00037867687001984804,7.908008517518711,0,0,0,2,3,3,4,5,5,4,6,7
2024-06-14,2709,2706,SH603959,-0.017142856,0.0008622500000000644,0.19575472,0.19575472,0.212897576,-0.019435927,-0.026031973799999997,0.004539371832622312,0.00038091276441659303,7.904324500934595,0,0,0,1,1,1,2,2,3,3,4,8
2024-06-17,2696,2695,SH600198,0.23255815,0.0004227299999999268,0.23255815,0.23255815,0.0,0.06572916633333332,0.0342115172,0.00449950582642988,0.0003812898913203825,7.899514314760902,1,1,1,1,2,2,2,3,3,4,5,8
2024-06-18,2675,2675,SZ000622,0.21428572,0.007516039999999946,0.2885906,0.2885906,0.07430487999999996,0.053423468333333335,-0.036593257799999994,0.004706424285757134,0.000388030366264456,7.891693547444479,1,1,1,2,3,4,3,5,6,4,7,10
2024-06-19,2650,2650,SZ000622,-0.20588236,0.0064253999999999145,0.16334662,0.16334662,0.36922898,-0.13416747166666668,-0.1029017042,0.0047636482296171115,0.00038972464343230785,7.8823035361559395,0,0,0,0,1,2,0,1,2,2,4,6
2024-06-20,2648,2648,SZ000622,0.22222222,0.00417080000000003,0.22222222,0.22222222,0.0,0.08019870266666666,0.012078841000000002,0.0046237630698281,0.00039087530441647223,7.881549190050432,1,1,1,2,2,3,3,3,6,5,5,10
2024-06-21,2633,2632,SH600868,-0.07771664,0.006902249999999999,0.15151516,0.15151516,0.2292318,-0.15084212666666666,-0.12242729999999999,0.0046185836814133345,0.00039384514980523043,7.875868449208333,0,0,0,1,1,2,1,1,2,2,5,8
2024-06-24,2626,2626,SH600868,-0.028337061,0.00374956999999998,0.20457433,0.20457433,0.232911391,0.04036361733333333,-0.007694173200000004,0.004524401538102346,0.0003952866900080405,7.873206771631466,0,0,0,1,1,1,1,1,2,3,4,6
2024-06-25,2614,2614,SZ000889,-0.25581396,0.0017745699999999198,0.5,0.5,0.75581396,0.1306446,0.104461011,0.004764765516186271,0.00039663841567823016,7.868625491716406,0,0,0,2,4,5,2,4,6,3,8,15
2024-06-26,2611,2611,SZ000816,-0.08163265,0.0004125700000000565,0.1734164,0.1734164,0.25504905,-0.06586963666666666,-0.0705617228,0.004939915844414487,0.0003965798767134218,7.867476323983949,0,0,0,0,1,2,0,1,2,1,3,7
2024-06-27,2606,2606,SZ000889,0.11278196,0.012553839999999927,0.30786562,0.30786562,0.19508366,0.033988456666666673,0.109489134,0.004904241687217148,0.00040078735243845347,7.86555968019101,1,1,1,3,3,3,4,5,5,5,7,8
2024-06-28,2600,2599,SH600076,3.347826,0.004865099999999956,3.347826,3.347826,0.0,1.21802558,0.702141184,0.004824116211596607,0.0004022891398693694,7.863255031005373,1,1,1,4,5,5,5,7,8,5,8,12
2024-07-01,2585,2583,SZ000889,0.13559322,0.005012950000000016,0.5608365,0.5608365,0.42524328,0.09487094333333333,0.101063905,0.004666548324136279,0.0004008479054838185,7.857469852833417,0,1,1,3,6,7,4,8,12,5,9,17
2024-07-02,2562,2559,SZ000816,0.07008547,0.0023353099999999793,0.23995128,0.15041617,0.08033069999999999,0.043083036666666664,0.025351781400000002,0.005056478972647255,0.000424508296446602,7.848530571236905,0,1,1,2,4,4,4,6,6,5,8,12
2024-07-03,2542,2541,SH600076,-0.58419245,0.012672649999999952,0.16516854,0.16516854,0.74936099,-0.18400359833333332,-0.19524067699999997,0.004929943047157907,0.0004106744667542371,7.8406942351355795,0,0,0,2,3,3,3,4,4,3,4,5
2024-07-04,2535,2535,SH600076,-0.32231405,0.01347617000000001,0.5479452,0.5479452,0.87025925,-0.133753805,0.040947244199999996,0.004791177110457977,0.0004129403890490099,7.837937382533924,0,0,0,1,2,2,2,3,3,4,5,5
2024-07-05,2483,2481,SH600076,0.24390244,0.008276649999999997,0.24390244,0.24390244,0.0,0.013760596666666671,-0.028618064999999998,0.0047568314239161994,0.0004207885618255952,7.8172114148624985,1,1,1,1,1,2,1,1,2,2,4,6
2024-07-08,2446,2444,SH600198,0.32307693,0.0016287999999999858,0.32307693,0.32307693,0.0,0.02575216466666666,0.05592749079999999,0.004651661073065518,0.0004237418468660114,7.80219844564741,1,1,1,3,3,3,3,3,3,3,3,5
2024-07-09,2445,2444,SH600868,0.027576197,0.00036762999999995216,0.19747417,0.19747417,0.169897973,0.05023758166666667,0.014259322600000002,0.0046601081230380785,0.0004220535939974721,7.801789504559768,0,0,0,3,3,3,4,4,5,4,7,10
2024-07-10,2444,2441,SH600868,0.107344635,0.0037241999999999553,0.4864865,0.4864865,0.379141865,0.10837950333333334,0.18080000699999998,0.004687786853355025,0.00042438279967936364,7.80138029287426,0,1,1,4,7,8,6,9,10,7,10,14
2024-07-11,2454,2453,SH600868,0.024234693,0.005070270000000043,0.15464994,0.15464994,0.130415247,-0.08697758066666668,-0.06604793440000001,0.004934724658804753,0.0004216921125453122,7.805462407021526,0,0,0,1,1,2,1,1,2,1,1,3
2024-07-12,2458,2458,SZ000622,-0.07070707,9.022999999996895e-05,0.14927647,0.14927647,0.21998353999999998,-0.077459795,-0.11159412099999999,0.004830449496230739,0.0004204671046294526,7.807091577391844,0,0,0,1,1,2,2,2,3,2,2,5
2024-07-15,2446,2445,SZ000816,0.07721519,0.002461400000000058,0.33333334,0.33333334,0.25611815,0.050575,0.014377983,0.004608544796207561,0.0004214132010050954,7.802198657488792,0,0,1,1,1,4,2,4,7,4,7,12
2024-07-16,2446,2444,SH600076,-0.2962963,0.0009096700000000846,0.18985328,0.18985328,0.48614958,-0.16974521666666667,-0.1194495012,0.004725242443996965,0.00042072766451815017,7.802198108396445,0,0,0,0,1,2,1,2,3,2,5,7
2024-07-17,2439,2439,SH600076,0.0,0.010400399999999976,0.18270142,0.18270142,0.18270142,-0.03196347,-0.0210880456,0.004606418460070594,0.00042547351798872645,7.7993327465889815,0,0,0,0,0,1,0,1,3,1,4,8
2024-07-18,2426,2423,SZ000889,0.18518518,0.0002586700000000164,0.22727273,0.22727273,0.04208755,0.11996460233333332,0.08348634419999998,0.004561718316105708,0.00042860474717689123,7.793988643361395,1,1,1,2,2,3,3,4,5,4,5,10
2024-07-19,2423,2423,SH600076,0.0,0.012955599999999956,0.40212765,0.40212765,0.40212765,0.065457818,0.0392746908,0.004690400206417711,0.0004310994882515012,7.792750671579819,0,0,0,2,2,3,2,2,4,4,5,11
2024-07-22,2408,2406,SH600076,0.31578946,0.019522260000000013,0.31578946,0.31578946,0.0,-0.008217703333333326,0.013112945,0.0046450430939861875,0.0004354029641722745,7.786540966787243,1,1,1,3,3,3,3,4,4,4,5,8
2024-07-23,2408,2406,SH600076,-0.46,0.025835900000000023,0.13827054,0.13827054,0.59827054,-0.12579710333333335,-0.110027648,0.004824611441621076,0.0004413399408173242,7.786540090381744,0,0,0,1,2,2,1,2,4,2,4,8
2024-07-24,2400,2398,SH600076,0.11111111,0.0106676,0.4055944,0.4055944,0.29448329,0.13788048,0.09284830440000001,0.00458409456518516,0.00043673173755220544,7.78321345421233,0,1,1,1,3,5,2,4,7,3,8,12
2024-07-25,2396,2394,SH600076,0.53333336,0.0017334299999999248,1.875,1.875,1.3416666400000001,0.2685363,0.511225514,0.004602486537940779,0.0004313852011054222,7.78154532136228,1,1,1,3,4,5,4,6,9,5,7,11
2024-07-26,2389,2385,SH600076,0.08695652,0.014966000000000035,0.3943662,0.3943662,0.30740968,0.23164344,0.17099179059999997,0.004816391508922246,0.0004395318957020901,7.778618491601483,0,0,1,4,5,6,6,7,10,6,9,15
2024-07-29,2384,2381,SH600198,0.17171717,0.008849639999999992,1.04,1.04,0.8682828300000001,0.38740837,0.22279704320000002,0.004875940805783247,0.00043801279252228016,7.776523085112579,1,1,1,2,4,4,4,6,6,4,7,8
2024-07-30,2375,2373,SH600076,-0.039215688,0.004242150000000056,0.23356402,0.23356402,0.272779708,0.065371904,0.0515439712,0.005027530488393943,0.0004380693114663594,7.772740016935785,0,0,0,2,2,2,3,3,4,5,6,10
2024-07-31,2388,2387,SH600076,0.0,0.00011980000000000324,0.19815087,0.19815087,0.19815087,-0.055832852999999995,-0.0277607298,0.004362736732952537,0.00043034723153107034,7.77820193053956,0,0,0,1,2,2,2,3,5,4,5,12
2024-08-01,2392,2391,SH600198,-0.07936508,0.00036214999999995,0.24142157,0.24142157,0.32078665,-0.02612857966666667,0.032607166199999996,0.004450376158397216,0.0004289951883097552,7.779875180217395,0,0,0,1,1,1,2,2,3,5,6,12
2024-08-02,2403,2401,SZ000040,0.9130435,0.00448411999999998,0.9130435,0.9130435,0.0,0.29561612666666665,0.15575795399999998,0.004495387021013775,0.000428909097320993,7.784463098108585,1,1,1,1,2,3,2,3,4,3,9,13
2024-08-05,2419,2419,SH600198,0.1010101,0.002021489999999959,0.8068182,0.8068182,0.7058081,0.01440892466666667,0.15583830199999998,0.0044730365315685154,0.0004252494076803582,7.791099472884249,0,0,1,2,2,4,2,2,5,2,4,8
2024-08-06,2417,2415,SH600198,0.09174312,0.005805489999999969,0.26415095,0.20926517,0.11752205,-0.002485699333333332,-0.0203429904,0.004656268888335549,0.0004263043371184327,7.790271503177271,0,0,1,3,3,4,4,4,5,4,5,8
2024-08-07,2421,2419,SH600198,0.0,0.007352000000000025,0.2039801,0.18746842,0.18746842,0.020775383999999997,0.005498611999999998,0.004682211349674057,0.00042634416223766704,7.791924956411871,0,0,0,3,3,3,5,6,7,6,8,14
2024-08-08,2412,2410,SH600198,-0.084033616,0.0005754000000000037,0.18835616,0.18835616,0.27238977600000003,-0.09488872066666666,-0.0963204644,0.004771925921634667,0.0004333786953612898,7.788200124883099,0,0,0,0,0,0,0,1,1,1,3,4
2024-08-09,2409,2406,SZ000040,-0.35042736,0.014978400000000058,0.17094018,0.17094018,0.52136754,-0.18694936333333334,-0.09927181119999999,0.004698751916055549,0.0004319683136611348,7.786955920177817,0,0,0,1,2,4,1,2,5,2,3,6
2024-08-12,2414,2414,SZ000040,-0.47368422,0.008627700000000016,0.31925675,0.31925675,0.79294097,-0.03497417333333334,-0.0010648456000000028,0.004536447669924813,0.00042828666863173694,7.789030073890382,0,0,0,4,5,6,4,5,7,4,7,9
2024-08-13,2418,2416,SZ000793,-0.0524968,0.004090790000000011,0.75,0.75,0.8024968,0.24822433733333335,0.11473765360000002,0.004436831245727011,0.00042584717756415276,7.790686150246029,0,0,0,1,2,3,1,2,4,2,3,8
2024-08-14,2421,2420,SZ000793,0.072972976,0.0004411899999999802,0.20273484,0.20273484,0.129761864,0.083565384,0.0041707060000000015,0.004543615366660655,0.0004245065281089319,7.791925593241929,0,0,1,0,1,2,3,5,7,4,6,12
2024-08-15,2426,2424,SH600198,-0.05645161,0.0031369299999999267,0.1616644,0.1616644,0.21811601000000003,-0.09863009,-0.19262352,0.004409277668159123,0.000424215940669597,7.793989332238863,0,0,0,0,0,1,0,0,1,1,2,3
2024-08-16,2432,2432,SH600076,-0.06896552,0.00016921000000003072,0.375,0.375,0.44396552,0.116256508,0.0662403912,0.00444496698170308,0.00042280303783223303,7.7964593258789385,0,0,0,2,3,4,2,4,5,3,7,11
2024-08-19,2427,2426,SH600198,-0.06557377,0.002287299999999992,0.54545456,0.16715977,0.23273354000000002,-0.089971428,-0.0749411634,0.004261463549125569,0.00042559306628299937,7.7944020908071,0,0,0,1,1,2,2,2,4,2,4,8
2024-08-20,2422,2422,SH600076,0.0,0.0036396499999999943,0.1845039,0.1845039,0.1845039,-0.015552395333333332,-0.0274239452,0.004114748301006683,0.00042424774127696206,7.792340428814459,0,0,0,0,2,2,0,2,3,0,4,8
2024-08-21,2421,2418,SH600076,-0.1904762,0.005151240000000001,0.5294118,0.30536914,0.49584534,-0.07948136900000001,0.009899751999999994,0.00442469160015731,0.00043221840309073326,7.7919261189851925,0,0,0,2,2,2,2,4,4,2,5,7
2024-08-22,2422,2420,SH600076,0.0,0.003314660000000025,0.25228518,0.25228518,0.25228518,-0.016971383333333333,0.0205708528,0.004411660377778631,0.000424316579226044,7.792339156030469,0,0,0,0,0,2,1,1,4,1,1,4
2024-08-23,2419,2417,SH600076,0.47058824,0.0021105999999999625,1.3653846,0.47058824,0.0,0.06821204833333333,0.052226664,0.0045385440120442435,0.0004317466815701848,7.7910991650437325,1,1,1,3,3,5,3,4,6,4,6,10
2024-08-26,2427,2427,SH600076,-0.32,0.004005399999999937,0.20993535,0.20993535,0.52993535,-0.20269227733333336,-0.134766151,0.004474290691204983,0.00042365231158761644,7.794401163585141,0,0,0,1,1,1,3,4,7,3,8,14
2024-08-27,2439,2438,SZ000889,-0.026041666,0.00807844000000002,0.27027026,0.27027026,0.296311926,0.08140953133333333,0.09585714679999999,0.004442046080805116,0.000423743007982374,7.799333497413103,0,0,0,2,3,3,3,6,6,4,8,8
2024-08-28,2410,2410,SH600198,0.20212767,0.00034519999999993445,0.22847302,0.22847302,0.02634534999999999,0.11599259666666667,0.0715319848,0.004444804188917574,0.0004263287034808074,7.7873721160155505,1,1,1,1,1,4,1,1,7,1,2,11
2024-08-29,2396,2394,SH600198,0.14159292,0.0030003799999999137,0.34146342,0.15947035,0.01787743,0.043981378666666675,0.0683444792,0.004461848949468452,0.00043436664189366766,7.781545971211585,1,1,1,3,3,4,3,3,6,4,5,12
2024-08-30,2409,2406,SH600198,-0.054263566,0.00045829999999991156,0.16808964,0.16808964,0.22235320600000003,-0.011177508333333334,-0.0069216376,0.0042412367277234134,0.00042832684121928594,7.7869579840157925,0,0,0,0,1,2,0,2,4,1,5,7
2024-09-02,2405,2404,SZ000040,0.3773585,0.00411596000000003,0.3773585,0.3773585,0.0,0.13700058466666667,0.0831458252,0.004213230102682227,0.00042773210609534546,7.78529627712777,1,1,1,2,2,3,2,3,4,4,6,10
2024-09-03,2396,2394,SZ000040,-0.43835616,0.02277220000000002,0.18562874,0.18562874,0.6239849,-0.2724079833333333,-0.18462054320000001,0.004428510578877512,0.0004384841772583843,7.781546108613325,0,0,0,1,3,3,2,4,4,3,9,9
2024-09-04,2392,2391,SZ000040,-0.048780486,0.01587699999999992,0.22634871,0.22634871,0.275129196,-0.0013037393333333337,0.037122480400000005,0.004647631446159679,0.0004356434644460144,7.779874272192436,0,0,0,0,1,3,0,1,5,1,3,11
2024-09-05,2382,2380,SZ000040,-0.094017096,0.0225746,0.17204787,0.17204787,0.26606496599999996,-0.03383457533333333,-0.0473106492,0.004781705566190404,0.00044031099579055935,7.775684272224616,0,0,0,2,3,4,4,5,7,4,5,9
2024-09-06,2378,2373,SZ000040,-0.3962264,0.017096800000000023,0.27564102,0.27564102,0.67186742,-0.13692509666666666,-0.14210182200000002,0.004788867950651895,0.00043818943123082206,7.774003570288585,0,0,0,2,2,3,3,4,6,5,7,11
2024-09-09,2372,2369,SZ000889,0.049751244,0.0016359000000000234,0.15449011,0.15449011,0.10473886600000001,-0.13531754666666665,-0.15956295599999998,0.004725741213846219,0.0004329391518778246,7.771477553131472,0,0,1,1,1,2,1,1,3,1,1,5
2024-09-10,2369,2369,SH600198,0.01754386,0.0014977600000000146,1.2857143,1.2857143,1.26817044,0.017475861,0.2555143622,0.0046566956262921394,0.0004340310443547842,7.7702123230750155,0,0,0,2,2,2,2,2,3,3,4,9
2024-09-11,2365,2364,SH600198,0.31034482,0.0012220200000000458,0.31034482,0.31034482,0.0,0.12234349233333335,0.1352363594,0.004479824928331465,0.0004327846002800129,7.768523235690225,1,1,1,4,5,6,5,6,8,6,8,13
2024-09-12,2362,2362,SH600198,0.9605263,0.010257700000000036,0.9605263,0.9605263,0.0,0.317785168,0.21834974499999998,0.004659418518014296,0.00043871180723863303,7.767253103773389,1,1,1,2,2,2,3,3,3,3,5,5
2024-09-13,2360,2358,SZ000793,0.05163728,0.0004583000000000226,1.5,1.5,1.44836272,0.5001732766666667,0.3062768056,0.0047884003133872675,0.00044050957414584643,7.7664053897608145,0,0,1,2,2,3,2,4,6,4,8,10
2024-09-18,2358,2356,SZ000793,0.049101796,0.001575500000000063,0.39037836,0.39037836,0.34127656399999995,0.15386801666666666,0.0826736956,0.004600958070593217,0.00044200670468671056,7.765558456922641,0,0,0,2,2,5,4,5,9,5,7,15
2024-09-19,2387,2383,SZ000889,0.0,0.0009761000000000353,0.2313297,0.17344896,0.17344896,-0.010273972666666667,-0.0029889151999999987,0.004549851953848032,0.0004345894108082514,7.777782242749856,0,0,0,1,1,2,2,2,5,2,4,10
2024-09-20,2392,2389,SH600550,0.09836345,0.0030968299999999394,0.2576895,0.2576895,0.15932605,-0.13885720533333332,-0.06966848805999999,0.0047103131976208345,0.0004360477930243786,7.779873979270264,0,1,1,1,2,5,1,2,6,4,5,10
2024-09-23,2392,2389,SZ000040,0.54545456,0.0003235600000000005,0.54545456,0.54545456,0.0,0.13227540166666665,0.092965967,0.004779693167145823,0.0004377101239330795,7.779873645256812,1,1,1,2,2,2,4,4,4,5,5,7
2024-09-24,2436,2431,SZ000040,0.1764706,8.710000000000662e-05,0.24646129,0.24646129,0.06999069,0.0012600566666666664,0.059900275999999995,0.004154528845582659,0.00043112636147487086,7.798103959633494,1,1,1,2,3,3,2,3,4,4,6,8
2024-09-25,2487,2486,SH600198,-0.15458015,0.011246470000000008,0.9,0.9,1.05458015,0.2877403,0.22195562600000002,0.003950008225645177,0.00041549656832884737,7.8188246159974195,0,0,0,2,2,4,3,4,7,4,7,14
2024-09-26,2520,2512,SZ000793,0.17954724,0.0008536500000000391,0.23463687,0.23463687,0.05508963,0.17417875333333332,0.1593175868,0.003789680309692531,0.0004096703992253047,7.832006973182908,1,1,1,3,3,3,4,5,6,4,6,8
2024-09-27,2562,2544,SZ000040,1.203125,0.00989675000000001,1.203125,1.203125,0.0,0.6355158900000001,0.523570342,0.0038627013313192655,0.0004029184360499876,7.848536003260074,1,1,1,6,7,8,8,10,13,10,15,23
2024-09-30,2674,2438,SZ002693,0.098491,0.002044900000000016,0.12532263,0.099769056,0.0012780559999999996,-0.06559816333333333,-0.018319961000000003,0.003456297410769642,0.0003824730538838665,7.89132477632274,1,1,1,0,0,0,1,1,1,4,4,4
2024-10-08,2747,2743,SZ000040,-0.58536583,0.0012902999999999665,0.19650654,0.19650654,0.78187237,-0.34084297999999996,-0.282950716,0.0032173356416499836,0.00037153882136797,7.918259503268525,0,0,0,0,0,1,0,0,1,0,0,2
2024-10-09,2767,2765,SZ000040,-0.5294118,0.004864670000000015,0.21356952,0.21356952,0.74298132,-0.23089488133333333,-0.16726752679999998,0.003236298909339797,0.0003698406268933882,7.925513733083363,0,0,0,0,1,1,0,1,1,0,2,3
2024-10-10,2785,2785,SZ000040,1.125,0.035141599999999995,1.125,1.125,0.0,0.3109076866666666,0.17648885139999998,0.0034279162379060074,0.00037939982973860323,7.93199724784672,1,1,1,1,1,1,1,2,3,2,5,10
2024-10-11,2783,2781,SZ000040,-0.1764706,0.002503960000000083,0.22232734,0.22232734,0.39879794,-0.002551460166666665,0.0407680199,0.0034536087006404544,0.0003683679585262904,7.931278786013754,0,0,0,2,2,2,2,2,4,3,3,10
2024-10-14,2791,2791,SH600076,-0.11666667,0.008869629999999962,1.0714285,1.0714285,1.18809517,0.33201992166666666,0.225341839,0.0035722150279748166,0.00036793018889137263,7.934148842164479,0,0,0,3,3,3,3,3,5,4,7,11
2024-10-15,2794,2792,SH600076,0.094339624,0.006430950000000046,0.25108764,0.25108764,0.156748016,0.07065073666666667,0.053182313599999996,0.0038172167433398146,0.0003677825199003351,7.935222237586199,0,0,0,1,1,1,1,3,4,3,5,10
2024-10-16,2798,2793,SH600076,-0.13793103,0.0072712999999999806,0.22978723,0.22978723,0.36771826,-0.25541602333333335,-0.16559584260000001,0.003912224623981866,0.0003665983787682551,7.936652483985755,0,0,0,0,0,0,1,1,2,1,1,3
2024-10-17,2802,2801,SH600076,0.06,0.0028535499999999825,0.35143065,0.35143065,0.29143065,0.11090909333333333,0.0752053726,0.004014634800877181,0.00036620041492847305,7.938080648222076,0,0,0,2,2,4,2,3,6,3,6,10
2024-10-18,2803,2801,SH600076,-0.108490564,0.003160859999999932,0.20842671,0.20842671,0.31691727399999997,-0.195414108,-0.1424350776,0.0036797705931646382,0.00036600870273642853,7.9384387664423155,0,0,0,0,0,0,2,3,4,3,5,8
2024-10-21,2810,2808,SH600076,0.26984128,0.0017090000000000716,0.75,0.75,0.48015872,0.3744298533333334,0.19212672010000004,0.0039647970979527145,0.00036515225211926263,7.940931886630403,1,1,1,2,2,3,3,3,4,5,7,9
2024-10-22,2812,2810,SZ000040,0.64285713,0.007668319999999951,0.64285713,0.64285713,0.0,0.25699404333333337,0.1391438914,0.004090637330763354,0.00036784066002033323,7.941642867204338,1,1,1,1,3,3,3,5,6,4,7,12
2024-10-23,2815,2812,SZ000040,0.65217394,0.003888899999999973,0.65217394,0.65217394,0.0,0.30325513,0.21215775799999997,0.004070683511225729,0.00036598669952954974,7.942709234998475,1,1,1,2,4,5,4,6,8,5,7,12
2024-10-24,2820,2815,SZ000040,-0.078947365,0.007417799999999919,0.25601637,0.25601637,0.334963735,0.05375954233333333,0.0978782634,0.004265996262641015,0.0003661392287169678,7.944483039383093,0,0,0,1,2,3,3,4,8,4,5,9
2024-10-25,2822,2815,SH600076,0.18729097,0.0028890500000000596,0.51428574,0.51428574,0.32699477000000005,0.34980093666666673,0.31330886500000005,0.004254944710768358,0.000364191424928736,7.94519206028342,0,1,1,3,4,5,3,4,5,4,6,11
2024-10-28,2826,2815,SZ000040,-0.6226415,0.00634704999999991,0.20662075,0.20662075,0.82926225,-0.33919187133333334,-0.20601147420000002,0.004335496780138755,0.00036440251223302195,7.946608143432682,0,0,0,0,0,1,1,1,4,1,2,6
2024-10-29,2829,2827,SZ000040,0.15,0.006738699999999986,0.3079616,0.3079616,0.1579616,0.21329643666666667,0.18112571400000002,0.00428998683627502,0.0003625735159215338,7.947669347814266,0,0,1,1,2,5,3,4,7,5,7,13
2024-10-30,2829,2821,SZ000040,0.5217391,0.009092559999999916,0.5217391,0.5217391,0.0,0.2683476613333333,0.1239132588,0.0043158600110662386,0.00036360298846200526,7.947669232768034,1,1,1,1,2,3,1,2,3,2,3,5
2024-10-31,2829,2820,SZ000040,0.75714284,0.009967270000000084,0.75714284,0.75714284,0.0,0.19000264433333333,0.07875816459999999,0.004422577100588004,0.00036341475281231005,7.947668771191669,1,1,1,1,1,1,1,1,1,1,1,1
2024-11-01,2832,2828,SZ002094,-0.0975911,0.001240260000000104,0.5365854,0.33513653,0.43272763,-0.04078630033333333,-0.024740801399999995,0.004305159747337512,0.0003637758627141695,7.948729167400607,0,0,0,1,1,2,1,2,4,5,6,12
2024-11-04,2829,2825,SH603268,0.15069968,0.0018774299999999577,0.26448244,0.26448244,0.11378275999999998,0.14541478333333335,0.13765089000000003,0.0039039389125640487,0.00036297321451449573,7.947670938949723,0,0,1,1,1,5,1,1,7,2,7,13
2024-11-05,2827,2821,SZ000622,0.07874016,0.0006777999999999507,0.20110701,0.20110701,0.12236685,0.079492002,0.008795961200000002,0.004097762926971255,0.0003612364550491737,7.9469629534073505,0,0,0,0,0,0,1,1,2,3,3,8
2024-11-06,2829,2825,SZ000040,0.4589372,0.008851660000000039,0.4589372,0.4589372,0.0,0.1993356203333333,0.21125031619999998,0.0043137637384748455,0.00036213662825611677,7.947669257865812,1,1,1,2,3,3,4,5,5,4,7,8
2024-11-07,2829,2817,SZ000040,0.17549668,0.012497599999999998,0.21565658,0.21565658,0.0401599,0.05758003266666667,-0.003621485599999996,0.004137417626135852,0.0003634479974521729,7.947670000776013,1,1,1,1,2,2,1,3,3,2,4,7
2024-11-08,2829,2823,SZ000040,-0.33521128,0.009294990000000003,0.32293603,0.32293603,0.6581473099999999,-0.17013791666666667,-0.10810278,0.004235177917309545,0.0003636239256751679,7.947669588769736,0,0,0,0,0,1,1,1,2,1,2,4
2024-11-11,2830,2826,SZ000040,-0.17372881,0.008724950000000065,0.20421556,0.20421556,0.37794437000000003,-0.07057563466666666,-0.018646314799999997,0.004232738845395529,0.00036216882461727497,7.948023022410145,0,0,0,2,2,2,4,5,5,4,6,6
2024-11-12,2832,2831,SZ000040,0.0,0.0005067999999999184,0.20699763,0.20699763,0.20699763,0.08181972333333333,0.051491959600000005,0.004224410203535196,0.0003604638053592976,7.948729522856329,0,0,0,1,1,2,1,1,2,1,1,2
2024-11-13,2833,2831,SZ000622,0.037037037,1.5050000000016439e-05,0.3025641,0.3025641,0.265527063,0.08998313233333333,0.022752689799999996,0.0042459879523238445,0.0003613480746871637,7.9490824752183205,0,0,0,1,1,1,1,1,2,1,1,6
2024-11-14,2836,2836,SH600136,-0.116071425,0.002068060000000038,0.24798566,0.24798566,0.364057085,-0.16203666166666666,-0.04948284620000001,0.004154508443696679,0.00036040543833259445,7.950141246542421,0,0,0,2,3,4,2,3,4,2,4,9
2024-11-15,2838,2836,SZ000040,0.2717949,0.005179629999999991,0.2717949,0.2717949,0.0,0.02820912166666667,0.021608367,0.004160560141068837,0.0003604504422782734,7.950846190755453,1,1,1,2,3,4,2,3,6,2,3,7
2024-11-18,2834,2833,SZ000040,-0.07258064,0.007586949999999981,0.241033,0.241033,0.31361364,-0.076864918,-0.049494552000000004,0.003902430175576801,0.0003616375461523422,7.949436794507731,0,0,0,1,2,2,2,3,3,2,3,5
2024-11-19,2834,2832,SZ000040,0.07826087,0.0033932599999999535,0.2934735,0.2934735,0.21521263000000002,0.070333186,0.1001680256,0.0040581248767764646,0.0003611932103254603,7.94943617490048,0,0,0,2,2,5,2,2,6,4,5,10
2024-11-20,2836,2833,SZ000040,-0.09274194,0.002921700000000027,0.2641784,0.2641784,0.35692033999999995,-0.050286157666666664,-0.054499644199999996,0.004304270772286684,0.000359590336041518,7.950140616015098,0,0,0,0,1,2,0,1,2,1,2,5
2024-11-21,2836,2830,SZ000040,-0.24,0.0012289599999999457,0.21379673,0.21379673,0.45379673,-0.07911636533333333,-0.031059793800000002,0.004530125022020559,0.0003594151678832242,7.950139616825512,0,0,0,0,0,2,1,2,5,2,3,10
2024-11-22,2837,2834,SZ000040,-0.10526316,0.0013765000000000027,0.21468927,0.21468927,0.31995242999999995,-0.11279339466666666,-0.1082981968,0.00436456581947877,0.00036042461233971136,7.950492899249362,0,0,0,0,0,0,0,0,0,1,1,1
2024-11-25,2837,2834,SZ000040,0.078431375,0.0010842399999999586,0.21907894,0.21907894,0.140647565,0.021392957,0.029218346200000002,0.004432647465507299,0.0003595477497765431,7.950492600096338,0,0,1,2,3,5,2,3,5,2,3,6
2024-11-26,2836,2834,SZ000040,-0.07272727,0.0034746399999999733,0.2929293,0.2929293,0.36565657,-0.022735243333333335,-0.006551618800000001,0.0046059837091395155,0.00036032951232860375,7.950139268187917,0,0,0,0,0,2,2,2,4,4,5,10
2024-11-27,2832,2830,SZ000040,0.0,0.0010480999999999963,0.23529412,0.23529412,0.23529412,-0.03963883566666667,0.005896597199999999,0.004356731396708121,0.0003598543507459525,7.948728955711472,0,0,0,0,1,4,0,1,6,1,4,10
2024-11-28,2831,2827,SZ000040,-0.11764706,0.0024804999999999966,0.27640367,0.27640367,0.39405073,-0.035920604,-0.039638122399999996,0.004616075431491396,0.00036011851966565625,7.948374626600596,0,0,0,1,1,1,1,1,1,3,3,5
2024-11-29,2834,2830,SH603366,-0.052594505,0.0005847400000000835,0.28767124,0.28767124,0.340265745,0.064945933,0.0872211458,0.004265088266954775,0.00035878591933436295,7.949435317116477,0,0,0,2,3,4,5,7,9,7,9,12
2024-12-02,2834,2829,SZ000040,0.0,0.0011156199999999838,0.23476209,0.23476209,0.23476209,-0.025588109466666665,-0.04782709508,0.004349702851193123,0.00035890315288701933,7.949434954767602,0,0,0,0,0,0,0,0,0,1,3,4
2024-12-03,2834,2832,SZ000040,0.10909091,0.002869910000000031,0.236909,0.236909,0.12781809,0.025250224666666668,-0.011931585199999999,0.004428652502404777,0.00035969811596587084,7.949434602035351,0,0,1,0,0,1,1,1,3,1,1,5
2024-12-04,2833,2831,SZ000040,-0.032786883,0.012401940000000056,0.31451613,0.31451613,0.347303013,-0.077561321,-0.061162019199999994,0.004487995210969127,0.0003649928593483119,7.9490814104949425,0,0,0,2,2,3,4,5,8,7,8,11
2024-12-05,2835,2832,SZ000040,0.033898305,0.012909550000000047,0.3060686,0.3060686,0.272170295,0.05500806166666666,0.107236989,0.004732079287757245,0.000363202614307576,7.949786005405883,0,0,0,3,4,5,4,5,7,5,6,10
2024-12-06,2833,2825,SZ000040,0.32240438,0.006304669999999901,0.32240438,0.32240438,0.0,0.06351404333333333,0.016385264799999993,0.004626617277138932,0.0003614875007502825,7.949080780338413,1,1,1,1,1,2,1,2,3,2,4,8
2024-12-09,2831,2826,SH600172,-0.07069529,0.0013658000000000836,0.22168675,0.22168675,0.29238204,-0.08268443266666667,-0.0400492876,0.004587529560979289,0.00036011856660946197,7.948374748557006,0,0,0,1,1,1,2,2,2,4,6,7
2024-12-10,2830,2828,SZ000040,0.11940298,0.00014676000000002354,0.24340622,0.24340622,0.12400324,0.08892050166666667,0.07579899100000001,0.004274764052269188,0.00036006585443422917,7.948022843625164,0,0,1,2,2,4,3,3,7,6,7,15
2024-12-11,2831,2827,SZ000040,-0.16,0.0038885400000000514,0.21772055,0.21772055,0.37772055000000004,-0.09662741466666668,-0.05444514866,0.004482344340587106,0.0003603484910374929,7.9483752270838455,0,0,0,0,0,1,0,0,3,3,3,9
2024-12-12,2830,2827,SZ000040,-0.2857143,0.0019648399999999677,0.26985195,0.26985195,0.55556625,-0.23306818333333332,-0.143967974,0.004566658383927544,0.0003611640284612478,7.948021550431937,0,0,0,2,2,3,2,2,4,4,7,11
2024-12-13,2829,2823,SZ000040,0.13333334,0.006149499999999919,0.1927932,0.1927932,0.05945986,-0.001331531333333337,-0.022974876800000002,0.004572961272294443,0.0003613531150937674,7.947668099786577,0,1,1,0,1,3,1,2,5,3,5,11
2024-12-16,2828,2824,SZ000040,-0.30718955,0.0016697599999999646,0.3539055,0.3539055,0.6610950499999999,-0.21732386666666667,-0.211930876,0.004654968344422069,0.0003602248573547023,7.947314174933146,0,0,0,1,1,2,1,1,2,4,5,6
2024-12-17,2824,2821,SZ000040,-0.16981132,0.0008428699999999401,0.28333962,0.28333962,0.45315094,-0.12455677533333333,-0.005113343199999998,0.0044908279017431664,0.00036099160981019763,7.9458995004399195,0,0,0,1,1,1,2,2,6,2,5,13
2024-12-18,2824,2822,SH600198,-0.18389262,0.0013753999999999156,0.26387316,0.26387316,0.44776578,-0.11505328333333333,-0.08787742039999999,0.00455854233118229,0.00036021068107986397,7.94589919535918,0,0,0,1,1,1,1,1,2,3,3,4
2024-12-19,2824,2824,SH600198,-0.046875,0.002511130000000028,0.21322905,0.21322905,0.26010405000000003,-0.08157811999999999,-0.10594298260000001,0.004481527294057547,0.00036151654900847815,7.945899542190372,0,0,0,0,0,0,1,1,1,1,1,3
2024-12-20,2824,2824,SZ002277,-0.08484211,0.0005970000000000697,0.34187567,0.34187567,0.42671778000000005,-0.11832750333333335,-0.122431986,0.004564371946840342,0.00035977234571151536,7.945899171450847,0,0,0,2,2,2,4,4,4,6,7,7
2024-12-23,2825,2825,SZ002277,-0.072923854,0.0013108600000000248,0.17298736,0.17298736,0.245911214,0.048669361999999994,0.007910584199999997,0.004394776406267228,0.000360099193578971,7.9462539798025595,0,0,0,1,1,2,1,1,3,3,3,6
2024-12-24,2826,2826,SH603421,-0.13742495,0.00011709999999998111,0.37088388,0.37088388,0.50830883,-0.08461673133333332,-0.0554561408,0.004320091026579037,0.00035907845901609535,7.946608224186002,0,0,0,2,2,3,2,3,6,2,3,7
2024-12-25,2822,2821,SZ002730,0.32337713,0.0006397000000000208,0.32337713,0.32337713,0.0,0.06705771266666667,0.0743699676,0.004251092766407381,0.00035975218755588176,7.945192087198687,1,1,1,2,2,2,3,3,3,5,5,5
2024-12-26,2822,2822,SH600725,-0.083130576,0.002059499999999992,0.20026973,0.20026973,0.283400306,0.006402079333333335,-0.0135139442,0.004554533617323204,0.0003603280879215634,7.94519074925317,0,0,0,0,0,1,1,2,4,3,4,7
2024-12-27,2817,2817,SH600156,-0.054237287,0.00011050999999995259,0.18938926,0.18938926,0.243626547,-0.073939924,-0.03917323339999999,0.004448858928610669,0.00036025657808163214,7.943417862853742,0,0,0,1,1,1,1,1,2,2,3,5
2024-12-30,2815,2815,SZ000759,0.09640302,0.0004076300000001032,0.21542288,0.21542288,0.11901986,0.017630596666666675,-0.034255806,0.004298035413556686,0.0003608600241207007,7.94270829252108,0,1,1,2,3,4,3,4,6,4,5,10
