date,n,n_tradable,top1_code,top1_true,top1_pred_gap,best_true_all,best_true_tradable,regret_vs_best_tradable,top3_mean,top5_mean,score_std,score_max_prob,score_entropy,hit_top1_in_true10,hit_top1_in_true20,overlap_pred10_true10,overlap_pred10_true20,overlap_pred20_true10,overlap_pred20_true20
2022-01-04,2782,2780,SZ002349,-0.08204054,0.002869899999999981,0.20010673,0.20010673,0.28214727,-0.042444852000000005,-0.027801887200000003,0.0030858639504991437,0.0003675229742717884,7.930920597060871,0,0,1,2,1,2
2022-01-05,2781,2780,SH600734,-0.097953215,0.00036418999999998647,0.25966972,0.25966972,0.357622935,-0.06669591646666666,-0.06178626627999999,0.0032134101974282156,0.00036960726370793644,7.930560670328571,0,0,0,0,0,0
2022-01-06,2789,2787,SH600734,-0.027552674,0.004293949999999991,0.19808613,0.19808613,0.225638804,-0.023194732333333332,-0.0315169986,0.003128822960506197,0.00036682694597384814,7.933433478008215,0,0,0,0,1,1
2022-01-07,2793,2793,SZ000530,0.05468085,0.00430238000000005,0.29021937,0.29021937,0.23553851999999997,-0.008446369,-0.0134511368,0.0034076597626399576,0.0003662895147220225,7.934865742610549,0,0,0,0,1,2
2022-01-10,2800,2800,SH600734,-0.08557047,0.00366174000000008,0.23052813,0.23052813,0.3160986,-3.67979999999953e-05,-0.015201605199999996,0.0029791827020422433,0.00036500848912181017,7.937370243164265,0,0,1,2,1,2
2022-01-11,2806,2806,SH600734,-0.0073394496,0.0031892099999999424,0.3227345,0.3227345,0.33007394959999997,-0.011115835199999998,0.0052275626800000015,0.00327477679423187,0.0003640640508268786,7.939509881487647,0,0,0,2,1,3
2022-01-12,2812,2811,SH600734,0.038817007,0.000458949999999958,0.24926686,0.24926686,0.21044985300000002,-0.018791183333333333,-0.008719768000000003,0.0030976946797223316,0.00036422068306679654,7.941646437798071,0,0,0,2,2,4
2022-01-13,2821,2819,SZ002370,0.22238372,0.0008889599999999387,0.29577464,0.29577464,0.07339091999999997,0.04966566456666668,0.03319732594000001,0.0033798665078421356,0.0003659299059839006,7.944840975467342,1,1,2,2,2,2
2022-01-14,2820,2818,SH600734,0.06713781,0.002363079999999962,0.2323131,0.2323131,0.16517528999999997,0.024842398333333335,0.054307639,0.003135157761224315,0.0003615420096523204,7.94448723410307,0,0,0,0,0,1
2022-01-17,2818,2816,SZ002898,-0.16374269,0.0004416700000000606,0.19672132,0.19672132,0.36046401,-0.091123679,-0.0795352478,0.0032661553683081867,0.0003614831091687981,7.943777341418133,0,0,1,1,1,1
2022-01-18,2821,2819,SZ002898,-0.093060784,0.0012824599999999853,0.27526104,0.27526104,0.368321824,0.06980008533333333,0.08227138240000001,0.003270763379599942,0.00036131780677936103,7.94484134741523,0,0,2,2,2,3
2022-01-19,2818,2818,SZ002330,0.026101142,0.00015483999999998943,0.15687427,0.15687427,0.13077312800000002,0.006507680666666668,-0.012068129,0.0029960060772890374,0.0003617277845948962,7.943778192352653,0,0,0,0,1,1
2022-01-20,2822,2821,SH600734,-0.025796661,0.0017870099999999223,0.22613287,0.22613287,0.25192953100000004,-0.05388572066666667,-0.04707227940000001,0.0033527294149712306,0.0003611300639505925,7.945195497393144,0,0,0,0,1,1
2022-01-21,2817,2816,SZ002530,0.09968622,0.007357399999999958,0.1891892,0.1891892,0.08950298,0.008293309333333335,-0.015236294399999994,0.0031783978725776723,0.00036486607157027714,7.943422700007652,0,0,0,0,0,0
2022-01-24,2810,2809,SZ002530,-0.15583846,0.0003970500000000099,0.30727762,0.30727762,0.46311608,-0.038360157900000004,0.02910959985999999,0.003523876123913699,0.0003620357853776232,7.940933537337979,0,0,1,1,3,3
2022-01-25,2809,2806,SH600734,0.006908463,0.0015238999999999114,0.2316504,0.2316504,0.224741937,0.06453526266666666,0.030495592999999998,0.003293775492415147,0.000361969374012394,7.940578392039411,0,0,1,1,1,1
2022-01-26,2804,2804,SH600734,0.0,0.0002577999999999747,0.1853562,0.1853562,0.1853562,-0.032867374666666664,-0.05092637280000001,0.0031855305520315505,0.00036291822302023005,7.9387971619273925,0,0,0,0,0,0
2022-01-27,2805,2805,SH600734,0.02915952,0.0005492300000000672,0.35560858,0.35560858,0.32644906,0.029706466333333337,0.03919048420000001,0.0035164985110118048,0.0003626462271788064,7.939152624960126,0,0,1,1,1,2
2022-01-28,2805,2803,SH600052,0.083333336,0.0008588600000000168,0.2074439,0.2074439,0.12411056399999999,0.008383455233333332,-0.013725692460000003,0.0032917685291764896,0.00036189148817625943,7.939153388478625,0,0,0,2,0,2
2022-02-07,2808,2806,SH600751,-0.059900165,0.0005976999999999233,0.20531154,0.20531154,0.26521170499999996,-0.04859650833333334,-0.0162570824,0.003788286592083664,0.00036297617367614686,7.940220575787755,0,0,0,1,0,1
2022-02-08,2789,2788,SH600601,0.10725852,0.00214796000000006,0.17650603,0.17650603,0.06924751000000001,0.06374742876666667,0.05455411956,0.003327202597161533,0.000365557117838436,7.933432840813946,0,0,0,1,1,4
2022-02-09,2780,2779,SH600601,0.08941702,0.0008140399999999604,0.20333838,0.20333838,0.11392136000000001,0.05060745466666666,0.0381689136,0.00342815330806273,0.00036588799316702514,7.930200315025651,0,0,0,1,0,1
2022-02-10,2773,2773,SZ000665,-0.015418133,0.0017445000000000377,2.103627,2.103627,2.1190451329999997,0.012775580666666666,-0.0145478954,0.003355516265343104,0.00036800679620422575,7.927679399315407,0,0,2,2,2,3
2022-02-11,2768,2764,SZ002037,-0.025399426,0.004049740000000024,0.20401338,0.20401338,0.229412806,0.005348889999999999,0.029864835279999995,0.0034216560984759374,0.0003702697609486859,7.925874446064542,0,0,0,1,0,1
2022-02-14,2766,2765,SZ000856,-0.11713228,0.001939000000000024,0.20479041,0.20479041,0.32192269,-0.03548682333333334,-0.022461227200000003,0.0033538181528210784,0.0003682448420989116,7.9251518728591765,0,0,0,0,0,1
2022-02-15,2756,2755,SH600734,0.07931571,0.023824640000000064,0.23268871,0.23268871,0.15337299999999998,0.06595856666666668,0.057497320000000005,0.003635019796296877,0.00037891050114681013,7.921528998155814,0,0,1,1,2,2
2022-02-16,2754,2753,SH600734,0.07420749,0.007278850000000059,0.16266173,0.16266173,0.08845424,-0.06199595833333333,-0.0517230776,0.0032999603074088117,0.00037486308137114,7.920804215868321,0,0,0,0,0,0
2022-02-17,2752,2749,SH600734,0.06908115,0.007461640000000047,0.2529628,0.2529628,0.18388165,0.09219001533333333,0.0697149052,0.003328106114427737,0.0003730871256358577,7.92007764466611,0,0,0,2,2,5
2022-02-18,2733,2731,SZ002761,-0.08315738,0.0005589700000000475,0.24644549,0.24644549,0.32960287,-0.01982213,0.001017455999999997,0.002965332861673235,0.0003749912138000842,7.913150773977343,0,0,1,1,1,1
2022-02-21,2722,2720,SH600734,0.06896552,0.0023633600000000365,0.20637898,0.20637898,0.13741346,0.02272782333333333,0.020958957,0.0033002072410671687,0.0003760449702764745,7.909116719915332,0,0,0,0,1,2
2022-02-22,2707,2705,SH600734,0.072170585,0.006161699999999937,0.19633308,0.19633308,0.124162495,-0.021679709333333335,0.024408666399999997,0.0032222254831124958,0.00038083009558524564,7.903591079290068,0,0,0,0,0,0
2022-02-23,2701,2700,SH600734,0.0673126,0.008963559999999982,0.22799423,0.22799423,0.16068163,-0.012632540999999999,-0.041296673,0.0030670001320273516,0.0003804089308909976,7.901372634414685,0,0,1,1,2,3
2022-02-24,2708,2707,SH600734,0.07023411,0.002484639999999927,0.259273,0.259273,0.18903888999999996,-0.05059518999999999,-0.03939337699999999,0.003216148366764056,0.00037826344083907964,7.903960447831279,0,0,0,0,0,0
2022-02-25,2705,2703,SZ003007,0.23713991,0.005468999999999946,0.23713991,0.23713991,0.0,0.010586932666666668,-0.0125903716,0.0027911840542189075,0.00037809358833334013,7.902853284024239,1,1,1,1,1,2
2022-02-28,2713,2713,SZ000815,0.09381838,0.007969439999999994,0.19981752,0.19981752,0.10599913999999999,0.07811546200000001,0.031690665199999996,0.0031232099052362363,0.0003776938198902476,7.905805424503702,0,0,1,3,1,3
2022-03-01,2703,2702,SZ002800,0.10168919,0.0005445600000000272,0.2553115,0.2553115,0.15362231000000004,0.07619020533333333,0.0777833272,0.0030321025793996034,0.0003759882394773991,7.9021129378515305,0,0,1,1,2,2
2022-03-02,2708,2707,SZ002800,0.098742716,0.0030754000000000614,0.16796267,0.16796267,0.06921995400000001,0.05092382733333333,0.026515939599999993,0.0031238257685756348,0.0003760872998389154,7.903960742317523,0,0,0,0,1,1
2022-03-03,2715,2714,SH600652,-0.045906078,0.0012271400000000154,0.25384617,0.25384617,0.299752248,0.013538600999999999,-0.014724388600000003,0.0030997991315764987,0.00037614993613903727,7.906542411695797,0,0,0,2,0,2
2022-03-04,2719,2718,SZ002207,-0.116954476,0.0006279999999999619,0.19230147,0.19230147,0.309255946,-0.022861196333333333,-0.024931377799999998,0.0031506265316162355,0.00037592952044072735,7.908014462900766,0,0,0,0,1,2
2022-03-07,2723,2721,SZ002800,-0.17527103,0.007516999999999996,0.2095186,0.2095186,0.38478963,-0.075946695,-0.0698272344,0.00293826251060308,0.00037657228584569817,7.909485160484296,0,0,0,0,0,0
2022-03-08,2722,2721,SZ000953,0.002888782,0.007287460000000023,0.24912632,0.24912632,0.246237538,0.10077726733333332,0.06974588379999999,0.002932873906513389,0.00037650936535584873,7.909117868364718,0,0,0,4,2,6
2022-03-09,2726,2725,SZ000953,-0.07297167,0.0013057400000000552,0.14062656,0.14062656,0.21359823,-0.00029986533333333415,-0.0027926824000000005,0.0027548061126873827,0.00037244644650906796,7.910586809790111,0,0,0,0,0,1
2022-03-10,2730,2730,SH600090,-0.084033616,0.004319169999999928,0.2544403,0.2544403,0.338473916,0.05498890333333334,0.0682481226,0.0030811708038180007,0.0003730294157928776,7.912052130951499,0,0,1,2,1,2
2022-03-11,2734,2732,SH600818,-0.121377975,0.0022854999999999404,0.17846154,0.17846154,0.299839515,-0.09763916099999999,-0.0405313628,0.003155293538610451,0.0003720841272443504,7.913516029554803,0,0,1,1,1,2
2022-03-14,2736,2735,SH600198,-0.05102041,0.0017585499999999143,0.24875621,0.24875621,0.29977662,0.010562246666666664,0.0028028619999999975,0.00310530356435078,0.00037164128163089236,7.914247445666196,0,0,2,2,2,2
2022-03-15,2740,2738,SH600198,-0.1827957,0.00638516999999994,0.2416503,0.2416503,0.424446,0.014665229999999996,0.030524284199999994,0.0030748515872346923,0.0003738380925100653,7.91570846221557,0,0,0,1,1,3
2022-03-16,2744,2741,SH600198,0.19078948,0.01406282999999997,0.3134111,0.3134111,0.12262161999999999,0.058773808666666656,0.11458517599999998,0.003198866815255824,0.00037735962589654896,7.917166856342183,1,1,2,2,2,2
2022-03-17,2736,2734,SH600198,0.25138122,0.003846299999999969,0.25138122,0.25138122,0.0,0.160906735,0.1235995106,0.0036113963019061574,0.0003739692280065812,7.914245744462892,1,1,1,2,1,2
2022-03-18,2743,2739,SZ000755,-0.04366812,0.007296250000000004,0.20994359,0.20994359,0.25361171,-0.005549510333333334,0.012275163799999999,0.0034750246135260687,0.0003772930984431018,7.916801434237582,0,0,1,2,1,2
2022-03-21,2749,2745,SH600198,0.14117648,0.009688999999999948,0.22826087,0.22826087,0.08708439000000001,0.05867387083333333,0.022301552599999996,0.003354100979402128,0.0003741576524723738,7.918986847095681,0,1,0,1,0,1
2022-03-22,2746,2744,SH600077,-0.13532892,0.008693449999999991,0.26238415,0.26238415,0.39771307,-0.051819440999999994,-0.0689666658,0.0036056548846941728,0.00037491496009402274,7.91789406519586,0,0,1,1,2,3
2022-03-23,2748,2746,SZ002613,0.1918562,0.005891949999999979,0.30041152,0.30041152,0.10855531999999998,0.04328535433333334,0.019066220200000004,0.003207429053871798,0.00037400357953748715,7.918623492965851,1,1,3,3,3,3
2022-03-24,2737,2735,SZ002613,-0.06802093,0.0011190699999999998,0.2223382,0.2223382,0.29035913,-0.012241723666666664,-0.0016679811999999988,0.0031603252090617213,0.0003718460300566772,7.914612701413551,0,0,0,0,0,0
2022-03-25,2732,2729,SZ002613,-0.054491412,0.001995540000000018,0.18998273,0.18998273,0.244474142,-0.022821617666666665,-0.0095489086,0.003125622383627961,0.0003732320969127342,7.912784319661057,0,0,2,2,2,2
2022-03-28,2733,2730,SH600198,0.006818182,0.002080300000000035,0.22648469,0.22648469,0.21966650799999998,0.002492712,-0.0107650362,0.003163781550432678,0.00037323685273184834,7.9131501688410415,0,0,0,0,1,1
2022-03-29,2731,2727,SH600156,-0.17183463,0.00010651999999999884,0.22950819,0.22950819,0.40134282,-0.08667482388666668,-0.008173436332000007,0.003022945141417271,0.00037340608555021254,7.912418538904271,0,0,1,1,2,3
2022-03-30,2733,2729,SH600090,-0.187251,0.0052912899999999485,0.19949415,0.19949415,0.38674515,-0.006400353333333335,-0.0132250706,0.003039349796128641,0.00037433007633922306,7.913150553534921,0,0,0,0,1,1
2022-03-31,2738,2735,SH600734,0.1754214,0.00027580000000004823,0.26268703,0.26268703,0.08726562999999998,0.04568003,0.0509238194,0.0031462374765917913,0.0003723944059647282,7.9149780396748,1,1,1,3,1,4
2022-04-01,2733,2729,SH600145,0.0,0.00038514000000000603,0.21159543,0.21159543,0.21159543,-0.051410960000000006,-0.0501985766,0.0030930023462717327,0.00037395232126048717,7.913150387723758,0,0,0,1,0,1
2022-04-06,2740,2739,SZ002864,-0.18915343,0.0034939000000000497,0.20482604,0.20482604,0.39397947,-0.12613714233333334,-0.0760914802,0.00321131746926893,0.00037447990815868925,7.915708025478702,0,0,0,1,1,2
2022-04-07,2732,2731,SZ000797,-0.06403481,0.00509970000000004,0.19928588,0.19928588,0.26332069,-0.05614939066666667,-0.0376338304,0.0031900181735670017,0.00037595629038334046,7.912784118318143,0,0,0,1,0,1
2022-04-08,2719,2716,SZ000797,-0.12055796,0.01596295999999997,0.22888328,0.22888328,0.34944124,-0.04558686000000001,-0.030404566800000005,0.0029519022948613686,0.00037900816618166496,7.908015073409558,0,0,2,2,2,2
2022-04-11,2719,2718,SH600198,0.06864564,0.006067000000000045,0.22335891,0.22335891,0.15471327,-0.008950601333333334,-0.0313389528,0.003287173873313529,0.00037575112696808,7.908014029147889,0,0,0,0,0,0
2022-04-12,2723,2721,SZ002205,-0.1264052,0.0030234499999999276,0.26163936,0.26163936,0.38804456,-0.03682659833333333,-0.026912433999999995,0.0033102298375141826,0.00037543460649742087,7.909484000081355,0,0,1,1,1,1
2022-04-13,2728,2728,SH600198,0.013289036,0.00016186000000006917,0.17590618,0.17590618,0.162617144,-0.008988126999999999,-0.031218895199999996,0.0034563269992838705,0.0003737312201978547,7.91131803368777,0,0,0,0,0,0
2022-04-14,2715,2715,SH600693,-0.11328005,0.006407750000000045,0.30546826,0.30546826,0.41874831,-0.022766040999999997,-0.0445154906,0.003266761083437505,0.0003772988658484035,7.9065418821847215,0,0,0,0,1,2
2022-04-15,2706,2705,SH600791,-0.09404481,0.0035157000000000105,0.17270106,0.17270106,0.26674587,0.003511302333333327,0.013854697399999996,0.003429126918166441,0.00037619984527877647,7.903220915975265,0,0,0,0,0,0
2022-04-18,2706,2706,SH600858,-0.019147918,0.002340140000000046,0.22911422,0.22911422,0.24826213800000002,0.027667217333333338,-0.0015056629199999988,0.0033472036257807545,0.0003761481489857084,7.903221193167392,0,0,0,1,3,4
2022-04-19,2704,2704,SH600858,-0.045143973,0.0016567000000000665,0.1870893,0.1870893,0.232233273,0.000591621000000001,-0.0015374966000000017,0.0034548101101016006,0.0003763220464147201,7.902481456692348,0,0,0,0,1,1
2022-04-20,2703,2703,SH600734,0.020741671,0.00034009999999995433,0.22753793,0.22753793,0.206796259,-0.053986444999999994,-0.090527731,0.00319286181635385,0.0003762479632422329,7.902112436434702,0,0,0,0,0,1
2022-04-21,2707,2706,SH600198,-0.28709677,0.0017057299999999609,0.23311326,0.23311326,0.52021003,-0.07920615666666668,-0.050200531400000005,0.0033359637401892783,0.000375990422464586,7.903590717733479,0,0,1,1,2,2
2022-04-22,2713,2712,SH600734,0.1234605,0.0021759400000000984,0.24506362,0.24506362,0.12160312000000001,0.05109525,0.0213870928,0.0034035887500938125,0.00037520250469569625,7.90580451156998,0,1,1,2,2,4
2022-04-25,2716,2715,SZ000692,-0.2134439,0.00022599999999994846,0.22004205,0.22004205,0.43348595,-0.11203426166666665,-0.12288017700000001,0.0042023849859443435,0.0003756643602632297,7.906906651645777,0,0,0,0,0,0
2022-04-26,2716,2715,SZ000889,0.104136944,0.004224099999999953,0.3285877,0.3285877,0.22445075599999997,0.155596518,0.11103874979999999,0.0046227263344553165,0.0003787783085051488,7.906904790527259,0,0,1,1,2,2
2022-04-27,2714,2714,SH600052,-0.027960526,0.0029263000000000483,0.22845529,0.22845529,0.256415816,-0.011422758666666666,-0.009216705799999999,0.005397294153763789,0.0003786989755436971,7.90616426687651,0,0,0,0,0,0
2022-04-28,2707,2703,SZ000889,-0.05131579,0.0026337600000000405,0.20100865,0.20100865,0.25232444,0.0025488243333333335,0.0271974416,0.005655779262533541,0.0003795807140482678,7.9035802826765185,0,0,0,0,0,0
2022-04-29,2706,2703,SH600052,0.0,0.008667199999999986,0.4935065,0.4935065,0.4935065,-0.044585208999999994,-0.044504247399999995,0.004826731083707295,0.00038191553682228793,7.903215141847891,0,0,0,0,1,2
2022-05-05,2680,2678,SH600052,0.014048532,0.016070479999999998,0.2527331,0.2527331,0.23868456799999999,-0.01862629,0.004321665399999999,0.004968186101060424,0.0003864840312413111,7.89355971440397,0,0,0,0,0,0
2022-05-06,2700,2698,SH600654,0.04363587,0.0010381600000000102,0.179265,0.179265,0.13562913000000001,0.054009655999999996,0.0621253308,0.004344417863109133,0.0003791392778536259,7.900997605525852,0,0,0,0,0,0
2022-05-09,2700,2700,SZ002761,0.14310762,8.340000000051084e-06,0.33599773,0.33599773,0.19289011,0.09129492366666665,0.096916078,0.004645411139053005,0.00037800513937192047,7.900996272505138,0,0,1,1,2,2
2022-05-10,2704,2702,SZ000722,0.014733661,0.0013960599999999213,0.2516269,0.2516269,0.23689323899999998,-0.048395061999999996,-0.017507825499999997,0.004369111701982509,0.0003777584040656463,7.902477888865115,0,0,0,0,1,1
2022-05-11,2706,2705,SZ000722,-0.08555473,0.00034956999999991023,0.23681739,0.23681739,0.32237212,-0.08009797666666667,-0.054091402,0.004073975936908203,0.00037750970141798825,7.9032185054432444,0,0,0,0,0,0
2022-05-12,2704,2702,SZ002789,-0.068121105,0.001700299999999988,0.21868251,0.21868251,0.286803615,-0.033937460333333336,-0.038919952199999996,0.0037428242598371384,0.000377694678859853,7.90248042345842,0,0,0,0,1,1
2022-05-13,2696,2695,SZ000756,0.046396267,0.00023183999999998317,0.19610734,0.19610734,0.149711073,0.042221291333333334,0.08576101679999999,0.003876092412125852,0.00037871298693756397,7.89951694921637,0,0,1,2,1,2
2022-05-16,2691,2691,SH603390,-0.07931034,0.0006884900000000416,0.21629213,0.21629213,0.29560247,-0.072933801,-0.1107344566,0.0038340561866218926,0.00037892438737444924,7.897660787342511,0,0,0,1,0,1
2022-05-17,2699,2698,SH600734,0.123663105,0.005003300000000044,0.18230718,0.18230718,0.05864407500000002,0.07953519566666667,0.017250403640000002,0.003800103294124959,0.0003789944342850419,7.900629379243621,0,1,1,3,2,4
2022-05-18,2691,2691,SH600291,0.102564104,0.015001200000000048,0.27035382,0.27035382,0.16778971600000003,0.07025260116666666,0.0761004422,0.0036140812318935962,0.00038451032823282326,7.897661602783003,0,0,0,1,2,3
2022-05-19,2697,2695,SH600291,-0.027131783,0.0016544600000000242,0.22172827,0.22172827,0.248860053,0.028890831066666664,0.013005041239999997,0.003907911502735072,0.0003811506158483393,7.899887664672475,0,0,0,0,0,0
2022-05-20,2702,2698,SH600291,-0.03984064,0.0008996000000000004,0.265745,0.265745,0.30558564,-0.030235405000000003,-0.011771816200000002,0.0036583898051784727,0.00038034391587752535,7.9017408046405615,0,0,0,0,0,0
2022-05-23,2702,2698,SZ000957,0.01807564,0.006239940000000055,0.25657895,0.25657895,0.23850330999999997,-0.05398850266666667,-0.03782997019999999,0.0034565285370704883,0.0003793092997607608,7.901741529037212,0,0,0,0,0,0
2022-05-24,2702,2701,SZ000753,-0.046979867,0.004629059999999963,0.24142662,0.24142662,0.288406487,0.026314004333333335,0.0203042774,0.0037350759450052126,0.00037991186970660326,7.901740526934144,0,0,0,0,0,0
2022-05-25,2699,2698,SH600856,-0.08041958,0.0009965399999999347,0.265,0.265,0.34541958,0.083926935,0.0037179249999999995,0.0034250919404564544,0.00037844050712917797,7.900630734789228,0,0,1,1,1,1
2022-05-26,2690,2688,SH600856,0.022813689,0.0008468700000000551,0.25007096,0.25007096,0.227257271,0.02598558966666667,0.0024820778000000008,0.0037663858380353114,0.00038086202433713716,7.897289366241947,0,0,0,1,0,1
2022-05-27,2681,2678,SH600856,0.022304833,0.00026769999999998184,0.28929988,0.28929988,0.266995047,0.023928184666666668,0.027535606400000003,0.0033053425361778944,0.00038209176516594854,7.893939658221844,0,0,0,0,1,1
2022-05-30,2672,2669,SZ000957,0.046205234,0.0009202500000000668,0.24487594,0.24487594,0.19867070599999997,0.005958873999999999,0.007884337799999998,0.003497384430311559,0.00038423593394348345,7.890576398224707,0,0,0,0,0,0
2022-05-31,2678,2676,SZ000889,0.029154519,0.0031725499999999407,0.20971622,0.20971622,0.18056170100000002,-0.004413423,-0.0475181466,0.003357089902194074,0.00038266498268744916,7.892819872851513,0,0,1,1,1,2
2022-06-01,2681,2680,SZ000595,-0.015933573,0.0002582400000000762,0.23207776,0.23207776,0.248011333,-0.05409107822,-0.044374742132,0.00326925310511946,0.00038067724434570095,7.893939776975289,0,0,0,0,1,1
2022-06-02,2685,2681,SZ002770,0.06329114,0.0009028899999999895,0.21102661,0.21102661,0.14773547,-0.10114859333333333,-0.048476418,0.003217062783817474,0.0003816640867769306,7.895430812794712,0,0,0,0,0,0
2022-06-06,2696,2696,SZ002684,0.15456675,0.01329201000000002,0.25156903,0.25156903,0.09700228000000002,0.09920191666666667,0.053352534699999996,0.003284559674456922,0.00038491325940030773,7.899519051796897,1,1,2,2,3,3
2022-06-07,2705,2705,SZ002684,-0.012170386,0.012307660000000054,0.19476002,0.19476002,0.206930406,-0.02150073233333333,0.007768253399999999,0.00330004272254105,0.000383564729127537,7.902851718641488,0,0,0,1,1,2
2022-06-08,2709,2709,SZ002684,-0.04106776,0.005240049999999941,0.19735259,0.19735259,0.23842035,-0.027079601666666665,-0.0328958747,0.003239424330149673,0.00038208769718936785,7.904329565294734,0,0,0,1,0,2
2022-06-09,2703,2701,SZ002684,-0.05567452,0.007130210000000026,0.2563536,0.2563536,0.31202812,-0.018558173333333334,0.006350662400000001,0.0031105205379074853,0.00038288226860814134,7.902112683239622,0,0,0,0,1,1
2022-06-10,2703,2700,SZ002684,0.07482993,0.0010685999999999751,0.2038736,0.2038736,0.12904367,0.09551732333333333,0.0824482132,0.003264609528834932,0.0003828692993330883,7.902112185873799,0,0,1,1,1,1
2022-06-13,2710,2710,SZ000611,0.0,0.0046735999999999445,0.2836988,0.2836988,0.2836988,0.019897410666666667,0.0165556294,0.00332470275525899,0.00038219947365240495,7.904698360891831,0,0,0,0,0,1
2022-06-14,2709,2708,SH603069,0.075121395,0.0007540999999999798,0.22623575,0.22623575,0.15111435500000003,0.020111556666666665,0.0106003436,0.003074402442620401,0.00037951729172022844,7.904330095919146,0,0,0,0,1,2
2022-06-15,2724,2723,SZ002684,-0.026,0.0007016599999999373,0.22466215,0.22466215,0.25066215000000003,0.05269459266666667,0.0365268138,0.0029773781149130276,0.00037672853978161405,7.909852216581184,0,0,1,2,1,2
2022-06-16,2720,2719,SZ002684,-0.06776181,0.0013413400000000797,0.35416666,0.35416666,0.42192847,0.06847773000000001,0.042585219400000006,0.0029477204798691804,0.0003790471889307125,7.908382792275827,0,0,1,1,2,2
2022-06-17,2720,2718,SH600136,0.02202643,0.0029169700000000187,0.24621212,0.24621212,0.22418569,0.023392811,0.0423652626,0.003108101520712949,0.0003885392031143796,7.908382294974352,0,0,1,1,2,2
2022-06-20,2723,2721,SZ002909,0.044262294,0.0013395599999999064,0.19781145,0.19781145,0.153549156,0.025751113333333336,0.0316313728,0.002969020792654473,0.000373582324722411,7.909485072145827,0,0,0,0,0,0
2022-06-21,2726,2724,SZ000017,0.1577061,2.4460000000003923e-05,0.17028481,0.17028481,0.01257871000000002,0.06822764666666667,-0.006252901999999999,0.0030374846779396476,0.00037447148505736024,7.910585986575822,1,1,2,2,4,4
2022-06-22,2720,2719,SZ002703,0.15314709,1.2400000000023503e-05,0.22965117,0.22965117,0.07650407999999997,0.01585096566666667,0.013331991399999998,0.002722715281885407,0.0003749940385904914,7.90838343932269,0,1,1,2,1,2
2022-06-23,2734,2734,SZ002909,0.006189213,0.0015149600000000651,0.24861495,0.24861495,0.242425737,0.039505552666666666,-0.016558035800000002,0.003036382432855191,0.0003747272495581055,7.9135163918789715,0,0,0,0,0,0
2022-06-24,2732,2732,SZ000889,-0.03846154,0.0010847999999999969,0.18032786,0.18032786,0.21878940000000002,0.02312471066666667,0.0651519414,0.0030405085448078125,0.00037453496378321035,7.912784582358626,0,0,0,2,2,4
2022-06-27,2742,2741,SZ000889,0.04,0.003247259999999974,0.21040355,0.21040355,0.17040355,-0.03948298,-0.012416085400000002,0.003006929026194054,0.0003741888385226455,7.916438322805664,0,0,0,0,0,0
2022-06-28,2751,2750,SH603530,-0.10593005,0.0017734200000000255,0.2026791,0.2026791,0.30860915,-0.035310016666666666,-0.020086848999999997,0.0030714672947832616,0.00037308414570094397,7.919715023384631,0,0,0,0,0,0
2022-06-29,2751,2750,SH600136,0.15116279,0.002708849999999985,0.26034307,0.26034307,0.10918028000000002,0.026125273333333334,-0.016587879399999998,0.003211074520187503,0.00037352931629667873,7.91971458066645,1,1,1,1,1,2
2022-06-30,2758,2757,SZ002866,0.028609626,0.01700583,0.19269437,0.19269437,0.164084744,0.062404849000000005,0.0243366202,0.0030017263002531784,0.0003777578231033755,7.922256529820981,0,0,0,1,1,2
2022-07-01,2764,2763,SH600136,-0.14215687,0.004230200000000073,0.17354524,0.17354524,0.31570211,-0.054343196333333336,-0.034098214,0.003158009608806713,0.0003728822525200902,7.924429179591662,0,0,0,0,0,0
2022-07-04,2759,2758,SH600187,-0.08049793,0.004708060000000014,0.22232515,0.22232515,0.30282308,-0.09372919333333334,-0.08198730499999998,0.003072323285309949,0.0003718215174934453,7.922618839492842,0,0,0,0,1,1
2022-07-05,2763,2763,SZ002219,0.01587138,0.003934030000000033,0.21423276,0.21423276,0.19836138,0.028389555333333334,0.006099969479999999,0.0030400499483156495,0.0003703336625890612,7.924067690669145,0,0,0,0,0,0
2022-07-06,2763,2762,SZ002219,0.14050928,0.001893399999999934,0.25410873,0.25410873,0.11359945000000002,0.05965693999999999,0.0331963,0.0028441566628484155,0.000370720543499013,7.924068266357803,0,1,1,2,1,3
2022-07-07,2762,2762,SH600136,0.0,0.0011811299999999747,0.24596775,0.24596775,0.24596775,0.01799611666666667,-0.002214055599999998,0.0030751269167819694,0.0003701901019776977,7.92370558821891,0,0,3,3,3,3
2022-07-08,2766,2765,SH600136,0.0,0.0020879000000000314,0.22438493,0.22438493,0.22438493,-0.016252158666666666,0.0037530116000000003,0.0031637787037002325,0.0003700934360362203,7.925152491212243,0,0,1,1,1,1
2022-07-11,2762,2758,SZ002992,0.0042567127,0.0022007400000000343,0.2094176,0.2094176,0.2051608873,0.03794458256666667,0.00910942074,0.0031170600346556174,0.0003711147362248159,7.9237054577124795,0,0,2,3,3,4
2022-07-12,2764,2761,SZ000889,0.1,0.0012049600000000327,0.1975089,0.1975089,0.09750889999999998,0.12382103333333333,0.0461079592,0.0031106744365671482,0.00036956850705278157,7.924429330492487,0,0,1,1,1,2
2022-07-13,2757,2757,SZ000755,-0.08338125,0.0013606999999999925,0.3004451,0.3004451,0.38382635000000004,-0.08433134666666668,-0.11353482280000002,0.0030540527996421323,0.00037212974169264904,7.921893729718667,0,0,1,1,1,1
2022-07-14,2761,2760,SZ000755,0.114178166,0.015589799999999987,0.22444445,0.22444445,0.11026628399999999,-0.06689956133333334,-0.06091573574,0.003342053143687926,0.0003748262942162535,7.923342607848806,0,0,1,1,1,2
2022-07-15,2766,2765,SZ000755,0.0,0.0018954899999999997,0.21433133,0.21433133,0.21433133,0.05221107666666667,0.0399991866,0.003010547071254831,0.0003693312105135221,7.9251529676770875,0,0,0,0,1,1
2022-07-18,2766,2766,SZ000889,0.12142857,3.509999999995461e-05,0.22105111,0.22105111,0.09962254,0.06971642,0.060784057,0.003076190563332664,0.0003695157631837469,7.925152766318705,0,0,0,0,1,1
2022-07-19,2769,2768,SZ002591,-0.10688901,0.01026355000000001,0.24390244,0.24390244,0.35079145,0.10299598333333333,0.052521099,0.003357449746917212,0.0003751000809304443,7.926235862984485,0,0,2,2,3,4
2022-07-20,2771,2770,SH600136,-0.083333336,0.00736714000000005,0.19240257,0.19240257,0.275735906,-0.041364735333333326,4.0987620000003214e-05,0.003099311483853829,0.0003716503144507283,7.926958725255776,0,0,1,2,1,2
2022-07-21,2774,2774,SH600136,0.1657754,0.008924900000000013,0.2692882,0.2692882,0.10351279999999999,0.09220822083333334,0.0175753831,0.003177114030754994,0.0003715175917702156,7.928040535474106,1,1,1,1,2,3
2022-07-22,2764,2763,SH600136,0.31651375,0.0033503499999999464,0.31651375,0.31651375,0.0,0.15899010266666666,0.0468003516,0.003067900562482698,0.00037028345985622244,7.924429462988531,1,1,2,2,2,2
2022-07-25,2764,2762,SZ000889,-0.06369427,0.003595599999999921,0.18827416,0.18827416,0.25196843,0.015631503333333335,0.0157688682,0.0030228180455413554,0.0003701395125900534,7.92442960251113,0,0,0,0,1,1
2022-07-26,2756,2754,SZ000889,-0.15419501,0.003121319999999983,0.237691,0.237691,0.39188601,-0.06588534333333333,-0.009141096799999993,0.0029803891845835676,0.00037009423197706187,7.92153117872045,0,0,1,1,2,2
2022-07-27,2748,2747,SH600136,0.18218623,0.005609830000000038,0.20833929,0.20833929,0.026153060000000006,0.08727441666666667,0.06630875498,0.003069967534789803,0.000372424843705341,7.918623926980096,1,1,1,1,1,1
2022-07-28,2750,2747,SZ000889,-0.077319585,4.2399999999997995e-05,0.19197708,0.19197708,0.269296665,-0.069088772,-0.0593181368,0.003049796493033197,0.0003715703551332539,7.91935152596733,0,0,0,0,0,0
2022-07-29,2750,2750,SZ000678,0.056843378,0.007521959999999939,0.2952381,0.2952381,0.238394722,0.028958966,0.030389314759999998,0.002985188883466018,0.0003754633700133499,7.919351716676867,0,0,0,0,0,1
2022-08-01,2746,2745,SZ000678,-0.0032424184,0.003513149999999965,0.21070811,0.21070811,0.2139505284,-0.0391641628,-0.02297413868,0.0030067758723154162,0.00037151054793189633,7.91789605173861,0,0,0,1,0,1
2022-08-02,2751,2749,SZ000889,0.15172414,0.0022179999999999422,0.1982981,0.1982981,0.04657396,0.042599715,0.0451926504,0.002959633194220097,0.00037154902722074615,7.919715367626365,1,1,1,1,1,1
2022-08-03,2752,2752,SZ000889,0.14670658,0.0006468299999999871,0.2874494,0.2874494,0.14074282000000002,0.10265432666666667,0.006025787999999999,0.0030651762087291383,0.00037103914426877524,7.92007848697119,1,1,2,2,3,3
2022-08-04,2751,2750,SZ000889,-0.06527415,0.004668840000000007,0.1857904,0.1857904,0.25106455,-0.044005593333333336,-0.04704942668,0.003155174058021579,0.0003729371596887692,7.919714767939938,0,0,1,3,1,3
2022-08-05,2746,2746,SH600136,0.18815331,0.0025355300000000636,0.30432692,0.30432692,0.11617361000000001,0.098022683,0.060500751799999995,0.0033233196611649005,0.0003725537839463405,7.91789504759489,1,1,1,1,1,1
2022-08-08,2743,2743,SH600136,0.035190616,0.00024309999999994059,0.22870879,0.22870879,0.193518174,0.05949754233333334,0.020917205000000005,0.003146967686264051,0.00037101953874657827,7.916802526693843,0,0,0,2,1,3
2022-08-09,2744,2743,SH600136,0.0056657223,0.001385689999999995,0.21296814,0.21296814,0.2073024177,-0.027543947566666668,-0.003174366540000001,0.0033755069434759227,0.0003725916429208173,7.917166271461507,0,0,0,0,1,3
2022-08-10,2740,2739,SZ002077,0.012092342,0.0012870700000000568,0.19484179,0.19484179,0.18274944799999998,-0.06237694333333333,-0.0506388394,0.0032121751564873962,0.0003730600198433685,7.9157080219916045,0,0,0,1,0,1
2022-08-11,2744,2743,SZ002077,-0.0141202025,0.0032877000000000045,0.19709973,0.19709973,0.2112199325,-0.0760311005,-0.042775646300000005,0.003176016663940509,0.00037399292745651715,7.917166929093547,0,0,0,0,0,0
2022-08-12,2741,2740,SZ000606,0.08039647,0.000702740000000035,0.18306802,0.18306802,0.10267155,-0.007906023333333333,0.0029305286000000015,0.002808157070066672,0.00037244202184578615,7.916074140359323,0,0,0,0,2,2
2022-08-15,2733,2732,SZ000040,0.015330705,0.0027633599999999925,0.20038168,0.20038168,0.185050975,0.007459220666666666,0.004768218400000001,0.002790914699204115,0.00037325282070780843,7.9131512804619035,0,0,0,0,1,1
2022-08-16,2733,2732,SH600136,0.055374593,0.0004624699999999926,0.2030303,0.2030303,0.147655707,0.024146479999999998,0.02748504094,0.0030013420014952056,0.0003718694480553742,7.913150668723381,0,0,0,0,1,1
2022-08-17,2736,2736,SZ000040,-0.036076207,0.0012178400000000256,0.20746432,0.20746432,0.243540527,0.016542881,0.0009713418000000002,0.003042644570008656,0.000372010605198633,7.914247636032526,0,0,1,1,1,1
2022-08-18,2737,2737,SH600136,0.1559322,0.0023761999999999395,0.21496816,0.21496816,0.05903596,0.06695532633333333,0.014059241099999998,0.002861022472093877,0.00037207751121601625,7.914613603842293,1,1,1,1,1,1
2022-08-19,2738,2738,SZ002272,-0.10645527,0.0019391500000000006,0.17075893,0.17075893,0.2772142,-0.017583595333333337,-0.004142830800000002,0.002872757982234183,0.00037150223710778264,7.914978867414918,0,0,0,1,0,1
2022-08-22,2740,2740,SZ000670,-0.11225603,0.04955619999999994,0.23372902,0.23372902,0.34598505,-0.044881433,-0.0259215364,0.003053507485170874,0.0003915010724714609,7.915708481766625,0,0,0,0,1,1
2022-08-23,2741,2741,SZ000670,-0.11373825,0.017065659999999983,0.2354865,0.2354865,0.34922475,-0.034860220000000004,0.013343267999999997,0.0030291625085084564,0.00037818325075740213,7.91607349078925,0,0,1,3,2,5
2022-08-24,2744,2742,SZ000670,0.04317095,0.005583170000000082,0.17943823,0.17943823,0.13626728,0.004618393333333322,-0.020003559540000007,0.002896844489273219,0.0003738014165955667,7.917167779138366,0,0,1,1,1,1
2022-08-25,2747,2743,SZ000670,-0.059784774,0.00317537999999995,0.21199295,0.21199295,0.271777724,-0.167441708,-0.14185829339999997,0.0028996849031367685,0.000371874849125421,7.918260469758607,0,0,0,1,1,2
2022-08-26,2749,2749,SZ000593,-0.01624717,0.0019288700000000825,0.19679211,0.19679211,0.21303928,-0.006048366999999999,-0.0267430962,0.0030813530740942175,0.0003710329890331559,7.918987728044394,0,0,0,0,0,0
2022-08-29,2756,2756,SZ000593,-0.20238256,0.005143600000000026,0.17931497,0.17931497,0.38169752999999995,-0.060234983933333326,-0.022220890359999995,0.0030512278170359845,0.0003726931546492599,7.921530964126351,0,0,0,0,0,0
2022-08-30,2748,2748,SZ000670,0.033129647,0.0028112000000000137,0.27125505,0.27125505,0.238125403,-0.04376050233333334,-0.05588136540000001,0.003113350730141748,0.0003709635063677422,7.918623795242086,0,0,0,0,0,0
2022-08-31,2755,2755,SZ000670,0.1146583,0.0015463599999999689,0.15689468,0.15689468,0.042236380000000004,0.047470779,0.0185323076,0.003059464183674241,0.00036903349586385714,7.921168032313866,0,1,0,1,0,2
2022-09-01,2758,2758,SZ000892,-0.067854695,0.003020229999999957,0.22810994,0.22810994,0.29596463500000003,0.026865890333333333,0.014591037800000001,0.0030686922248106823,0.000369680491771499,7.9222563366327075,0,0,0,0,1,1
2022-09-02,2766,2765,SZ002992,-0.017501641,0.0024087600000000098,0.22199652,0.22199652,0.239498161,-0.0006843456666666669,-0.0349105114,0.0031873183840281584,0.000368363709527545,7.925152417684019,0,0,1,1,1,1
2022-09-05,2765,2764,SH600136,0.017421603,9.999999999177334e-07,0.19961977,0.19961977,0.182198167,0.011923494333333333,0.021383591199999996,0.0032755125780816697,0.000367307545268445,7.924790535936191,0,0,1,1,1,1
2022-09-06,2770,2770,SH600136,-0.07534247,0.000726699999999969,0.19894895,0.19894895,0.27429142,-0.02321111166666667,0.004737730479999999,0.0031692810813793142,0.00036758790337491145,7.92659756484548,0,0,1,1,1,1
2022-09-07,2771,2771,SZ000670,-0.057863913,0.000507159999999951,0.1996482,0.1996482,0.257512113,-0.007744597666666669,-0.001342649800000001,0.003097053141843763,0.00036883473328616406,7.926958733617282,0,0,1,2,2,3
2022-09-08,2773,2771,SZ000670,-0.0038478614,0.003336010000000056,0.2129487,0.2129487,0.2167965614,-0.062455433799999995,-0.06594268708,0.0028669510486191855,0.00037029290081730826,7.9276809206033505,0,0,1,1,1,1
2022-09-09,2778,2778,SZ000670,0.0025256276,0.0028222999999999443,0.25919652,0.25919652,0.25667089239999996,-0.047038937466666673,-0.03888837508,0.002886998883629499,0.00036939713456297745,7.929482340983226,0,0,1,1,1,1
2022-09-13,2778,2777,SZ000670,0.06802016,0.003753950000000006,0.25898004,0.25898004,0.19095988000000003,0.032451362000000004,0.067851712,0.0028137122841609195,0.0003689664570316389,7.929482551803535,0,0,1,1,2,2
2022-09-14,2782,2781,SZ000670,-0.12369918,0.005479700000000087,0.16666667,0.16666667,0.29036585,-0.0249523021,-0.055412108259999995,0.002888004963993803,0.0003686702929436742,7.930921188633469,0,0,0,0,0,0
2022-09-15,2781,2781,SZ000670,-0.0589027,0.001986200000000049,0.19505587,0.19505587,0.25395857,-0.07212807466666667,-0.10536301680000001,0.00295475432014104,0.00036694228363923524,7.930561478467922,0,0,2,2,2,2
2022-09-16,2778,2777,SZ000670,-0.034912087,0.0033223000000000003,0.18776824,0.18776824,0.222680327,0.08035831766666666,0.0260684586,0.002776644705710134,0.0003672479675634399,7.929482659776898,0,0,3,3,3,3
2022-09-19,2774,2774,SZ002731,-0.09138461,0.0003398000000000012,0.20659971,0.20659971,0.29798431999999997,-0.03568659526666667,-0.01550427676,0.003050581361271923,0.00036796370033337795,7.928040936452582,0,0,0,1,0,1
2022-09-20,2770,2769,SZ002731,-0.034541145,0.002793099999999993,0.19371727,0.19371727,0.228258415,0.006847855666666666,-0.0022816226000000003,0.0030460416265432784,0.0003684579987466449,7.926597948129896,0,0,0,0,0,0
2022-09-21,2762,2762,SH600198,0.0069204154,0.005117299999999991,0.19115764,0.19115764,0.1842372246,-0.005708375533333333,-0.025141189720000002,0.0032535659787934065,0.0003690747718427887,7.923705030980819,0,0,0,0,0,0
2022-09-22,2754,2754,SH600136,-0.15418503,0.0021151900000000445,0.15498702,0.15498702,0.30917205000000003,-0.13052474333333333,-0.0815372652,0.002903000172209182,0.0003699464952396325,7.920805455504986,0,0,0,0,0,0
2022-09-23,2749,2749,SH600136,-0.14583333,0.0042375999999999525,0.19559033,0.19559033,0.34142366,-0.12221217333333334,-0.07706168460000001,0.0029971715895027455,0.000372268101671167,7.918987985249178,0,0,0,0,0,2
2022-09-26,2741,2740,SH600136,0.22560975,0.007379960000000074,0.22560975,0.22560975,0.0,0.10340228633333333,0.07772620384,0.002885708267170246,0.00037624288402652716,7.916073917675398,1,1,1,1,1,1
2022-09-27,2734,2732,SH600136,-0.029850746,0.006862399999999935,0.18101545,0.18101545,0.210866196,-0.017618182666666666,-0.0374527676,0.0031528920422718453,0.0003764767977776244,7.9135160315097455,0,0,1,1,1,1
2022-09-28,2721,2720,SH600136,-0.071794875,0.009055359999999957,0.21235521,0.21235521,0.284150085,-0.10184795166666667,-0.0755980898,0.003253081527337311,0.00038024700114782387,7.90874943216086,0,0,1,1,1,1
2022-09-29,2700,2699,SH600136,0.016574586,0.0008267699999999767,0.18352659,0.18352659,0.166952004,0.041462857666666665,0.003334966660000002,0.0032068360988090137,0.0003792601002086722,7.901001896153378,0,0,0,2,1,3
2022-09-30,2689,2688,SH600136,0.016304348,0.0011710999999999805,0.14778857,0.14778857,0.131484222,-0.025886145333333332,-0.0482813418,0.003176338590011971,0.0003809418724885383,7.896919595902045,0,0,0,0,1,1
2022-10-10,2683,2683,SH600198,-0.0051282053,0.009561739999999985,0.2171381,0.2171381,0.2222663053,-0.049750216933333334,-0.04367022216000001,0.003321995754220287,0.0003855082382091646,7.894685310909371,0,0,0,0,0,0
2022-10-11,2675,2675,SZ000670,0.14099714,0.00218653000000002,0.24848117,0.24848117,0.10748403000000001,0.14417539333333335,0.10223690640000001,0.0031930536841383835,0.0003835550736924797,7.891699544457212,0,1,1,2,2,3
2022-10-12,2671,2670,SH600198,0.11344538,0.004089410000000071,0.24539171,0.24539171,0.13194633,0.03245375033333333,0.0280384266,0.0034402304250142185,0.00038541766352751607,7.890202276718919,0,0,0,0,0,0
2022-10-13,2656,2655,SH600198,-0.00754717,0.001728850000000004,0.28049985,0.28049985,0.28804702,0.0046473839,0.05144234234,0.0033289232170567065,0.00038654435788378565,7.8845709521354355,0,0,2,2,2,2
2022-10-14,2648,2648,SZ000670,0.05583806,0.0029350299999999496,0.21292776,0.21292776,0.1570897,0.02946837066666667,0.011835150000000001,0.003179823027100756,0.00038597688607999237,7.881554846553891,0,0,1,1,1,1
2022-10-17,2644,2644,SZ000670,-0.020839121,0.0007365699999999364,0.21038063,0.21038063,0.231219751,-0.04869712033333334,-0.027885073399999998,0.0029476696707317,0.0003870918300174607,7.880043841570863,0,0,0,0,0,0
2022-10-18,2643,2641,SZ000670,-0.006526674,0.00375419999999993,0.21108434,0.21108434,0.21761101400000002,-0.021959286999999997,0.0438168848,0.003005275254005734,0.00038719460747568,7.87966538229276,0,0,2,2,2,3
2022-10-19,2647,2646,SZ002093,0.0048371493,0.0033536000000000676,0.28726876,0.28726876,0.2824316107,0.0898367311,0.07778706426,0.0029515370106086305,0.00038795858828627244,7.88117782893428,0,0,1,3,1,3
2022-10-20,2632,2628,SZ003005,0.1633565,0.0014231000000000105,0.19642115,0.19642115,0.03306465,-0.002582599333333343,-0.015133693600000008,0.003080530404861462,0.0003893800019128035,7.875494530984092,1,1,1,1,2,3
2022-10-21,2619,2618,SZ003005,-0.049651444,0.009307300000000018,0.18625356,0.18625356,0.23590500400000003,-0.08525348133333334,-0.04143587480000001,0.0028643778786333982,0.0003931912844197522,7.870543726126084,0,0,1,1,1,1
2022-10-24,2620,2620,SH600136,-0.06521739,0.0001527000000000056,0.16524048,0.16524048,0.23045787,-0.017878429999999997,0.003142153800000001,0.0028031457731034796,0.00039003792607408605,7.870925655016025,0,0,0,0,1,1
2022-10-25,2619,2619,SZ003005,0.14508139,0.0026586100000000057,0.26513976,0.26513976,0.12005837,0.05204931666666667,0.040131616800000006,0.002703421211141447,0.0003904778468798609,7.8705441798290305,0,1,1,2,2,4
2022-10-26,2621,2620,SH600136,-0.04347826,0.0017313899999999993,0.15683264,0.15683264,0.2003109,-0.026664172666666666,-0.015435639399999998,0.002872746045022616,0.0003896531005191319,7.871307064404813,0,0,0,0,0,0
2022-10-27,2623,2623,SZ000889,-0.09698997,0.00030264000000002067,0.2388374,0.2388374,0.33582737,-0.12502026,-0.110145458,0.0028846159427434225,0.0003891435778983856,7.87206980874931,0,0,0,0,1,1
2022-10-28,2631,2629,SH600136,0.0872093,0.0007445999999999842,0.21383794,0.21383794,0.12662864000000001,0.07139075433333333,0.03976170392,0.0028659415982295127,0.00038831125177571867,7.875115165450902,0,0,1,1,2,2
2022-10-31,2635,2634,SH600136,0.0,0.0007503700000000002,0.19528487,0.19528487,0.19528487,0.027931977433333335,0.00792605726,0.002876777371789526,0.0003883158480265836,7.876634311960426,0,0,0,0,0,0
2022-11-01,2639,2637,SH600136,0.0,0.0035658400000000423,0.16397515,0.16397515,0.16397515,0.024683082,0.010432017400000002,0.003190943326943432,0.00038861584318025487,7.878150231918563,0,0,0,0,0,1
2022-11-02,2642,2641,SZ003007,-0.09901915,0.008514440000000012,0.19143577,0.19143577,0.29045492,-0.010709839999999998,-0.015653861999999998,0.0030047852028817147,0.0003890189516727329,7.879286958012743,0,0,0,0,0,0
2022-11-03,2645,2645,SH600136,0.04278075,0.00048159999999997094,0.21431936,0.21431936,0.17153860999999998,0.014644184,0.027979256399999996,0.0030024778828055708,0.0003856200579319365,7.88042182391686,0,0,0,0,0,0
2022-11-04,2665,2663,SH600136,0.22051282,0.0008039999999999159,0.22051282,0.22051282,0.0,0.13561517666666667,0.10255027220000001,0.0029690720686191066,0.00038241882670732747,7.887954916044583,1,1,2,3,3,4
2022-11-07,2669,2669,SH600136,-0.012605042,0.00204986000000007,0.20867379,0.20867379,0.221278832,-0.002409731466666667,0.0014657672799999997,0.0028715759987047573,0.0003832765207476478,7.889455012806751,0,0,0,0,0,0
2022-11-08,2669,2668,SZ002995,-0.01435652,0.0021451999999999583,0.2061369,0.2061369,0.22049342000000002,0.04827233433333333,0.0299865806,0.0028155237880268945,0.00038403809176070224,7.889455170686693,0,0,1,2,1,2
2022-11-09,2673,2673,SH603029,0.16637324,0.0021237800000000195,0.23894101,0.23894101,0.07256777,0.14347961666666667,0.1104178772,0.0027336049391170386,0.0003812164598661563,7.890952968521535,0,1,1,2,1,4
2022-11-10,2689,2688,SH603029,-0.09811321,0.00269934000000005,0.1910299,0.1910299,0.28914311000000004,-0.054586271166666665,-0.026705624699999996,0.002936223395673647,0.0003795165355931055,7.896920334240793,0,0,0,0,0,0
2022-11-11,2697,2697,SH605001,-0.16676885,0.002112100000000061,0.2338413,0.2338413,0.40061015,-0.016919785000000003,0.0040968077999999995,0.002857373600980708,0.000380987611132402,7.899891223156128,0,0,1,2,2,3
2022-11-14,2699,2697,SH603778,0.16233991,0.0003667600000000215,0.2817468,0.2817468,0.11940689000000002,0.033509918666666666,0.0578440612,0.0024661324327127686,0.00037715461351350523,7.900633562936098,0,1,0,1,0,1
2022-11-15,2706,2703,SH600136,0.12878788,0.002481520000000015,0.19576186,0.19576186,0.06697398000000002,0.04407566033333333,0.0611895104,0.0025661761953449593,0.00037600839564779333,7.903223505751621,1,1,2,2,3,4
2022-11-16,2714,2712,SH603778,0.09385219,0.0003739000000000381,0.21175584,0.21175584,0.11790365,0.023679500333333336,0.049219407,0.002696025747196272,0.00037460774445995245,7.906175193856725,0,0,0,2,0,2
2022-11-17,2727,2726,SZ000815,0.072373,0.00256493999999996,0.18073721,0.18073721,0.10836421,-0.037833530000000004,-0.020147053,0.00278677328810482,0.0003740890475390418,7.910953488167289,0,0,0,0,1,1
2022-11-18,2736,2736,SZ000815,-0.013411205,0.0031662999999999553,0.21489726,0.21489726,0.22830846500000002,-0.009822830999999999,0.0033630274000000016,0.002788903335507102,0.0003722711717980802,7.9142483784728,0,0,1,1,1,1
2022-11-21,2736,2736,SZ000815,0.023240518,0.0009332499999999966,0.21630093,0.21630093,0.19306041200000001,-0.049450570666666666,-0.0471188112,0.002761891358207062,0.000373060655042909,7.914248452567637,0,0,0,0,0,0
2022-11-22,2739,2739,SH600222,-0.113483146,0.0005249499999999685,0.19228336,0.19228336,0.305766506,-0.09910975033333332,-0.04335052339999999,0.0027736139383398896,0.00037265002496480293,7.915344310135003,0,0,0,1,0,1
2022-11-23,2743,2743,SZ000889,-0.0147492625,0.001118239999999937,0.2379085,0.2379085,0.2526577625,-0.0036178441666666664,-0.024976089899999998,0.0025883000694077204,0.0003722693011181992,7.916804131068307,0,0,0,1,0,1
2022-11-24,2742,2741,SH600136,0.0,0.0019558700000000817,0.23508044,0.23508044,0.23508044,0.0011097693333333343,-0.031183733400000004,0.002635057311418286,0.0003720121718118724,7.916439377549536,0,0,1,1,3,3
2022-11-25,2741,2739,SH600136,0.06965174,0.0012267999999999724,0.24592695,0.24592695,0.17627521000000002,0.08132787666666667,0.062560967,0.0027680938315578205,0.000374493548522277,7.91607425138651,0,0,0,1,1,2
2022-11-28,2747,2741,SH600136,0.07906977,0.004057109999999975,0.18685567,0.18685567,0.1077859,0.02440216133333333,0.020081222799999996,0.0027025050326348376,0.0003725339014515206,7.918261022003809,0,0,1,1,1,1
2022-11-29,2752,2748,SH600136,0.05172414,0.004486839999999992,0.19760479,0.19760479,0.14588065,0.05067119166666667,0.0536317226,0.0028203957619180263,0.00037161879331990813,7.920079206968845,0,0,1,3,1,3
2022-11-30,2750,2747,SH601858,-0.10545906,0.0006887899999999947,0.15875669,0.15875669,0.26421574999999997,-0.09411554333333333,-0.028716391399999996,0.002569910862004425,0.0003716344193025179,7.919352877364496,0,0,0,1,0,1
2022-12-01,2763,2763,SZ000797,-0.11806597,0.004505700000000057,0.251287,0.251287,0.36935297,0.03509080333333334,0.05726539900000001,0.002656670990401004,0.00037243866124731797,7.924068780763793,0,0,0,1,0,1
2022-12-02,2761,2760,SZ002150,0.033856988,0.0027350999999999903,0.18647541,0.18647541,0.152618422,-0.01812309166666667,-0.0386358534,0.002402918027686019,0.0003696814706506454,7.923345315914446,0,0,0,0,0,0
2022-12-05,2759,2759,SZ002150,0.06540913,0.004408369999999939,0.17969115,0.17969115,0.11428202,0.031692523,0.0367202694,0.002732279579729622,0.0003718895729954372,7.922619828086293,0,0,0,1,1,2
2022-12-06,2773,2773,SZ002875,0.003407155,0.0035844600000000115,0.19883269,0.19883269,0.195425535,-0.013089888333333329,-0.02647869,0.0025662721356888188,0.0003682084423708969,7.927681741997455,0,0,0,0,0,1
2022-12-07,2777,2776,SZ002875,-0.099037915,0.005575799999999909,0.17766811,0.17766811,0.27670602499999997,-0.039706401,-0.03196460512,0.002578987717637438,0.00037019078101627184,7.929123148377881,0,0,0,1,0,1
2022-12-08,2781,2781,SH600136,-0.05957447,0.003016099999999966,0.22664359,0.22664359,0.28621806,0.010678478666666666,-0.0109331142,0.0025500163011722733,0.0003665033844356816,7.930562592917161,0,0,0,0,1,2
2022-12-09,2780,2780,SH600136,-0.1040724,0.0021700000000000053,0.18686402,0.18686402,0.29093642,-0.004772778249999997,-0.012555653349999998,0.002614964387771318,0.0003662023739134519,7.930202777800638,0,0,0,0,1,1
2022-12-12,2783,2783,SH600136,0.045454547,0.002020849999999963,0.20463847,0.20463847,0.159183923,0.012561925666666663,0.0073869461999999985,0.002527041341726355,0.0003663498950197419,7.93128155838584,0,0,0,1,0,1
2022-12-13,2786,2786,SH600136,-0.057971016,0.0026455399999999463,0.21143806,0.21143806,0.269409076,-0.032645019000000004,-0.0006245488000000022,0.0025843121312356665,0.00036589186582374947,7.932358804566938,0,0,0,0,0,0
2022-12-14,2783,2783,SH600136,0.0,0.003556850000000056,0.17152104,0.17152104,0.17152104,0.02841913266666667,0.020219512400000004,0.0026629828159617647,0.00036692369076666344,7.931281204480661,0,0,1,1,1,2
2022-12-15,2776,2776,SZ000721,0.0197706,0.0025808000000000497,0.199187,0.199187,0.1794164,-0.018786388666666667,0.0320927888,0.0027621895940525693,0.0003678333602210089,7.928762493883024,0,0,0,1,2,3
2022-12-16,2778,2778,SH600136,-0.09550562,0.0037251699999999444,0.2462187,0.2462187,0.34172432,-0.03203598233333333,-0.039350594800000006,0.002664626416089946,0.00036835031806116365,7.9294829606016055,0,0,1,1,1,1
2022-12-19,2773,2773,SH600136,0.10559006,0.006986900000000018,0.15148482,0.15148482,0.04589475999999999,-0.011661785333333334,0.006689822899999999,0.002624329291352411,0.0003696542956985346,7.927681589456521,1,1,1,1,1,2
2022-12-20,2769,2769,SH600136,-0.016853932,0.004864699999999944,0.18324079,0.18324079,0.20009472199999997,0.007967991333333336,0.017897265599999997,0.002675661637233688,0.0003705372374269877,7.926237930793823,0,0,1,3,2,4
2022-12-21,2757,2757,SH600136,-0.09714286,0.0056106999999999685,0.19147287,0.19147287,0.28861572999999996,-0.08808136,-0.0439492087,0.002657154090745204,0.00037230049999864513,7.921894869284008,0,0,0,0,2,3
2022-12-22,2757,2757,SH600136,0.056962024,0.0024648000000000447,0.17730702,0.17730702,0.12034499600000001,0.043324963,0.011497622800000003,0.002773590571302121,0.00037074326414418817,7.921894552342811,0,0,0,0,2,2
2022-12-23,2748,2747,SH600136,0.047904193,0.002236049999999934,0.27083334,0.27083334,0.222929147,0.069914099,0.06595073739999999,0.0027689923144995797,0.0003718558267861987,7.918624806994657,0,0,0,2,1,4
2022-12-26,2738,2736,SH600136,0.017142856,0.0048688000000000065,0.20757575,0.20757575,0.190432894,-0.0004447290000000002,-0.0022803992599999996,0.002830751041903938,0.0003734301015608925,7.9149789878087216,0,0,0,1,0,1
2022-12-27,2733,2732,SH600136,-0.061797753,0.0025853500000000418,0.21351026,0.21351026,0.275308013,-0.05553943866666666,-0.0648639244,0.002888204945747938,0.00037421148518785983,7.913151001964621,0,0,1,2,2,4
2022-12-28,2716,2715,SH600136,-0.10778443,0.00230598999999998,0.25815406,0.25815406,0.36593849,-0.029066609333333337,-0.0501479196,0.0025917453210005863,0.0003755693924459904,7.90691211947388,0,0,1,2,2,3
2022-12-29,2704,2702,SH600136,0.0,0.0005214599999999736,0.21242398,0.21242398,0.21242398,0.006002957000000001,-0.0072502556,0.002660147630891095,0.0003783337227646499,7.902483885677831,0,0,0,0,1,2
