strategy,combo,size,variant_kind,variant_method,scenario,num_days,gross_mean_return,gross_cumulative_return,gross_sharpe,mean_return,cumulative_return,sharpe,switch_count,same_code_streak_days,avg_entry_cost_bps,avg_exit_cost_bps
timesnet+timemixer::selector::top1_gap,timesnet+timemixer,2,selector,top1_gap,base,2340,0.01789798606002369,34.69644248656372,0.87688083756753,0.017020780068015478,3.699358153946128,0.8344841963991281,964,1375,3.299145299145299,5.361111111111111
tsmixer+itransformer::gated::gated_q50_left,tsmixer+itransformer,2,gated,gated_q50_left,base,2340,0.01782786548519242,1380.6830492587585,0.89476385124891,0.016411202116727103,50.88535090642486,0.8242176997807571,1561,778,5.34017094017094,8.677777777777777
timesnet+patchtst::selector::top1_gap,timesnet+patchtst,2,selector,top1_gap,base,2340,0.017627975924079234,12.090907378835654,0.8613448782690093,0.01675784632682906,0.7342868588210567,0.8190599666612365,961,1378,3.2888888888888888,5.344444444444444
tsmixer+patchtst::gated::gated_q50_left,tsmixer+patchtst,2,gated,gated_q50_left,base,2340,0.017308695712071196,114.18939699336642,0.8651230470801468,0.016079754670539324,5.640547445185701,0.8039007391400926,1357,982,4.642735042735043,7.544444444444444
timesnet+patchtst::gated::gated_q50_left,timesnet+patchtst,2,gated,gated_q50_left,base,2340,0.016903581960050346,2.2171056989208964,0.8274231480711934,0.015882898179277734,-0.6961214627408303,0.7780082027663714,1122,1217,3.8393162393162394,6.238888888888889
tsmixer+timesnet+patchtst::combo::zscore_mean,tsmixer+timesnet+patchtst,3,combo,zscore_mean,base,2340,0.016554982811139207,28.39990440069182,0.8269978606315076,0.015198434677470313,0.26294323621506077,0.7597313902288582,1497,842,5.121367521367521,8.322222222222223
timesnet+timemixer::gated::gated_q50_right,timesnet+timemixer,2,gated,gated_q50_right,base,2340,0.01569083576765092,0.8287120529223839,0.7775931427433295,0.014921580351172047,-0.6921605085749576,0.739967646073403,847,1492,2.899145299145299,4.711111111111111
timesnet+itransformer::selector::top1_gap,timesnet+itransformer,2,selector,top1_gap,base,2340,0.015595941814076343,26.53067206121801,0.826885668319157,0.014570159857300069,1.5517539026302827,0.7729655655566687,1131,1208,3.87008547008547,6.288888888888889
tsmixer+itransformer+patchtst::combo::zscore_mean,tsmixer+itransformer+patchtst,3,combo,zscore_mean,base,2340,0.015176648885004538,1.3357679929740867,0.7662304549299135,0.013804079876552149,-0.9043952331527125,0.69707866217525,1520,819,5.2,8.45
timesnet+timemixer+patchtst::combo::mean,timesnet+timemixer+patchtst,3,combo,mean,base,2340,0.01493194371398869,-0.8743257689606314,0.7433748851447866,0.01424580988890147,-0.9745476773011095,0.7093941400906567,759,1580,2.5982905982905984,4.222222222222222
tsmixer+timesnet+patchtst::combo::mean,tsmixer+timesnet+patchtst,3,combo,mean,base,2340,0.014923092961800407,5.531890623561393,0.7977499108186605,0.0140469308322131,-0.14728792338500651,0.7510065063523343,968,1371,3.312820512820513,5.383333333333334
tsmixer+itransformer::selector::top1_gap,tsmixer+itransformer,2,selector,top1_gap,base,2340,0.014922758333406857,0.3045862668209083,0.7550582312536949,0.013833107822285503,-0.8967106795793232,0.7000848870580046,1206,1133,4.126495726495727,6.705555555555556
timesnet+patchtst::gated::gated_q50_right,timesnet+patchtst,2,gated,gated_q50_right,base,2340,0.014914876377435313,-0.9336820433195205,0.73314894070622,0.014155238506283752,-0.9886946167132648,0.6960030818899591,841,1498,2.8786324786324786,4.677777777777778
tsmixer+patchtst::selector::top1_gap,tsmixer+patchtst,2,selector,top1_gap,base,2340,0.014887596199567433,-0.8236059253059772,0.7406027314469638,0.014159043260722204,-0.9673617689755181,0.7045937457857814,802,1537,2.7452991452991453,4.461111111111111
tsmixer+timemixer::selector::top1_gap,tsmixer+timemixer,2,selector,top1_gap,base,2340,0.014838447076532221,0.3675022121217575,0.7521898956385374,0.014081736550639249,-0.7629268393675137,0.7142996875175769,833,1506,2.8512820512820514,4.633333333333334
timesnet+timemixer+patchtst::combo::zscore_mean,timesnet+timemixer+patchtst,3,combo,zscore_mean,base,2340,0.014705631605315517,-0.928806043261858,0.7320933159246246,0.014026398988937313,-0.9853677205132629,0.6984517657016374,752,1587,2.5743589743589745,4.183333333333334
tsmixer+timesnet+itransformer::combo::mean,tsmixer+timesnet+itransformer,3,combo,mean,base,2340,0.01469213262303468,68.0027829171133,0.7993212537442065,0.013780607830620047,7.281883670528693,0.7497936437294344,1008,1331,3.4495726495726498,5.605555555555555
timemixer+itransformer::selector::top1_gap,timemixer+itransformer,2,selector,top1_gap,base,2340,0.014532622929827326,0.2247194696423751,0.739934547623195,0.013797817344677372,-0.7790322240360145,0.7026717359725974,814,1525,2.786324786324786,4.527777777777778
"timesnet+itransformer::weighted_rank::{""dominant"": ""timesnet"", ""weights"": [0.6, 0.4]}",timesnet+itransformer,2,weighted_rank,"{""dominant"": ""timesnet"", ""weights"": [0.6, 0.4]}",base,2340,0.014511360296834223,65.15620692103988,0.7802398002226922,0.013531639376242686,5.768325475662773,0.7276468064455864,1084,1255,3.7094017094017095,6.027777777777778
tsmixer+timesnet+itransformer::combo::zscore_mean,tsmixer+timesnet+itransformer,3,combo,zscore_mean,base,2340,0.01441111909602391,46.18721391423389,0.7872539026018841,0.013040623335951086,0.9600260929175923,0.71278831358173,1513,826,5.176068376068376,8.411111111111111
itransformer+patchtst::selector::top1_gap,itransformer+patchtst,2,selector,top1_gap,base,2340,0.014193379169950298,-0.8084822338110543,0.7173046750169855,0.013485496984008957,-0.9630425343088104,0.6817052002224439,782,1557,2.6769230769230767,4.35
tsmixer+timesnet::selector::top1_gap,tsmixer+timesnet,2,selector,top1_gap,base,2340,0.014183105412082985,79.05500892230681,0.9540130320521839,0.013035125519093964,4.622859304016818,0.8773839795754271,1263,1076,4.321367521367521,7.022222222222222
tsmixer+timesnet::gated::gated_q50_left,tsmixer+timesnet,2,gated,gated_q50_left,base,2340,0.014050359083950047,45.3035982715704,0.9337842124324035,0.01258524210374939,0.5457871180584586,0.8369578792896243,1617,722,5.5316239316239315,8.988888888888889
timesnet+itransformer::gated::gated_q50_left,timesnet+itransformer,2,gated,gated_q50_left,base,2340,0.014016901099720423,-0.6475248087522292,0.7421305730177832,0.012963406895109669,-0.9694543242701817,0.6867568291353833,1163,1176,3.9794871794871796,6.466666666666667
timesnet+timemixer::combo::zscore_mean,timesnet+timemixer,2,combo,zscore_mean,base,2340,0.014016294051824191,-0.41932415577703697,0.7513580919313877,0.01319089355315818,-0.9154431964375459,0.7071607349673309,916,1423,3.135042735042735,5.094444444444444
tsmixer+timesnet+timemixer::combo::mean,tsmixer+timesnet+timemixer,3,combo,mean,base,2340,0.013869808738544478,-0.44757570299344884,0.7452422346286991,0.01297446153508848,-0.931429757177806,0.6971840962276483,992,1347,3.394871794871795,5.516666666666667
timesnet+itransformer::combo::rank_mean,timesnet+itransformer,2,combo,rank_mean,base,2340,0.013795363558336271,12.164188824037957,0.7419943500820327,0.012828627486726493,0.3899289877182346,0.6900853975779507,1069,1270,3.658119658119658,5.944444444444445
itransformer+patchtst::gated::gated_q50_right,itransformer+patchtst,2,gated,gated_q50_right,base,2340,0.013655786486633436,-0.934783474789594,0.6912324492417976,0.013039622493952763,-0.9845050306565922,0.6601946581441093,683,1656,2.3384615384615386,3.8
tsmixer+timemixer::gated::gated_q50_right,tsmixer+timemixer,2,gated,gated_q50_right,base,2340,0.013655244066349588,-0.7586824228056214,0.6966527986169025,0.013057594089139906,-0.9395724284680108,0.6665986758931925,658,1681,2.252991452991453,3.661111111111111
timemixer+itransformer::gated::gated_q50_left,timemixer+itransformer,2,gated,gated_q50_left,base,2340,0.01363957015327493,-0.830320361580616,0.6949637225322748,0.01300130255244023,-0.9612631033008445,0.6628845652327481,702,1637,2.4034188034188033,3.9055555555555554
"timemixer+patchtst::weighted_rank::{""dominant"": ""timemixer"", ""weights"": [0.6, 0.4]}",timemixer+patchtst,2,weighted_rank,"{""dominant"": ""timemixer"", ""weights"": [0.6, 0.4]}",base,2340,0.013413259373592874,-0.9351354825595044,0.6803929051664744,0.01283985278322501,-0.982917400050768,0.6514684324873692,634,1705,2.1709401709401708,3.5277777777777777
timesnet+patchtst::combo::mean,timesnet+patchtst,2,combo,mean,base,2340,0.01337016542755305,-0.8393721088249246,0.7186739928197514,0.012536910360496133,-0.9770478680392258,0.6739331166673833,925,1414,3.1658119658119657,5.144444444444445
timesnet+patchtst::combo::zscore_mean,timesnet+patchtst,2,combo,zscore_mean,base,2340,0.013366168040211325,-0.8726840755367936,0.7171285407262723,0.012543444191412886,-0.9813432883447396,0.6730392885010862,913,1426,3.124786324786325,5.0777777777777775
timesnet+itransformer::gated::gated_q50_right,timesnet+itransformer,2,gated,gated_q50_right,base,2340,0.013348953990913693,-0.6495631120721224,0.7134991864172577,0.01234435916509053,-0.9664787920142934,0.6598579892648188,1116,1223,3.818803418803419,6.205555555555556
timesnet+timemixer::combo::mean,timesnet+timemixer,2,combo,mean,base,2340,0.013326370396438884,-0.9002941675038334,0.71517227585039,0.012501143289848296,-0.9855115196361025,0.6709208749838305,917,1422,3.1384615384615384,5.1
timemixer+itransformer::gated::gated_q50_right,timemixer+itransformer,2,gated,gated_q50_right,base,2340,0.013308300456852292,-0.9253087061585261,0.6780795390383322,0.012468706890951982,-0.9894610605703031,0.6354345412694828,931,1408,3.186324786324786,5.177777777777778
timemixer,timemixer,1,single,timemixer,base,2340,0.013301178700209493,-0.8981022182924367,0.6785045500927476,0.01271528201171989,-0.9737775216082583,0.6490433590790485,645,1694,2.2085470085470087,3.588888888888889
tsmixer+timemixer::gated::gated_q50_left,tsmixer+timemixer,2,gated,gated_q50_left,base,2340,0.013256673353788249,35.501482481804686,0.9229521253897133,0.012019816411832645,1.0648530985903442,0.8373216167820476,1366,973,4.673504273504274,7.594444444444444
timesnet+patchtst::combo::rank_mean,timesnet+patchtst,2,combo,rank_mean,base,2340,0.013212173700414942,1.5812087941460682,0.719129950310816,0.012350618414392289,-0.6544292758589064,0.6722732964903891,956,1383,3.2717948717948717,5.316666666666666
timesnet+itransformer+patchtst::combo::mean,timesnet+itransformer+patchtst,3,combo,mean,base,2340,0.013160658671932803,-0.5519052611604345,0.7158784511612799,0.012434411354694716,-0.9177828599867682,0.6764145622496035,806,1533,2.758974358974359,4.483333333333333
timemixer+patchtst::combo::mean,timemixer+patchtst,2,combo,mean,base,2340,0.01314651966249054,-0.9788023415203652,0.6656118019021088,0.012628927730039199,-0.99365402027828,0.6395570721212285,573,1766,1.9623931623931623,3.188888888888889
timesnet+timemixer::gated::gated_q50_left,timesnet+timemixer,2,gated,gated_q50_left,base,2340,0.013143777492713362,0.319840046054636,0.876270357852562,0.0121540802730266,-0.8674989814945282,0.8107741783249897,1093,1246,3.74017094017094,6.0777777777777775
timemixer+patchtst::combo::rank_mean,timemixer+patchtst,2,combo,rank_mean,base,2340,0.013060557400447537,-0.9753144459073081,0.6620463481805164,0.012517708391840843,-0.9930174267464766,0.6346934907279963,600,1739,2.0547008547008545,3.338888888888889
timemixer+patchtst::combo::zscore_mean,timemixer+patchtst,2,combo,zscore_mean,base,2340,0.013048818255652935,-0.9832774059540743,0.6606275152624381,0.012529415314780032,-0.9950147219394262,0.634481889862879,575,1764,1.9692307692307693,3.2
"timesnet+patchtst::weighted_rank::{""dominant"": ""timesnet"", ""weights"": [0.6, 0.4]}",timesnet+patchtst,2,weighted_rank,"{""dominant"": ""timesnet"", ""weights"": [0.6, 0.4]}",base,2340,0.013026313714011003,0.2164997106625055,0.707324345684883,0.012132576113284383,-0.8490007028922051,0.658838562606455,992,1347,3.394871794871795,5.516666666666667
itransformer+patchtst::gated::gated_q50_left,itransformer+patchtst,2,gated,gated_q50_left,base,2340,0.013019324495433996,-0.9682441478276224,0.6626061874164705,0.012186425769784593,-0.9954528595279512,0.6203494222813024,924,1415,3.1623931623931623,5.138888888888889
tsmixer+patchtst::combo::mean,tsmixer+patchtst,2,combo,mean,base,2340,0.01288184042202563,-0.9873848703958578,0.6528662105369941,0.012075054700007096,-0.9980801401165013,0.6121096607326688,895,1444,3.0632478632478635,4.977777777777778
timemixer+patchtst::selector::top1_gap,timemixer+patchtst,2,selector,top1_gap,base,2340,0.01277827118799969,-0.9902941674975204,0.6471588276007091,0.012252472519882701,-0.9971487791476634,0.6206767836924864,582,1757,1.9931623931623932,3.238888888888889
timesnet+itransformer+patchtst::combo::zscore_mean,timesnet+itransformer+patchtst,3,combo,zscore_mean,base,2340,0.012695421935995904,-0.8515177275174272,0.6905507599758907,0.011981705170723415,-0.9720018105309717,0.6517672374588059,793,1546,2.7145299145299147,4.411111111111111
timemixer+patchtst::gated::gated_q50_left,timemixer+patchtst,2,gated,gated_q50_left,base,2340,0.012642163494933224,-0.9780206233754841,0.6449008933464679,0.012083691559861996,-0.9940262090422505,0.6165454900522007,619,1720,2.1196581196581197,3.4444444444444446
"timemixer+patchtst::weighted_rank::{""dominant"": ""patchtst"", ""weights"": [0.4, 0.6]}",timemixer+patchtst,2,weighted_rank,"{""dominant"": ""patchtst"", ""weights"": [0.4, 0.6]}",base,2340,0.012599094194420535,-0.9882462391133715,0.639671525503627,0.012051048547659786,-0.9967238649299535,0.6119975186784757,607,1732,2.078632478632479,3.3777777777777778
timesnet+timemixer+itransformer::combo::zscore_mean,timesnet+timemixer+itransformer,3,combo,zscore_mean,base,2340,0.012464251709067066,-0.9173774658327565,0.6777317997222942,0.011715875238481261,-0.9855858035143937,0.6370835695400493,830,1509,2.841025641025641,4.616666666666666
tsmixer+timemixer+patchtst::combo::mean,tsmixer+timemixer+patchtst,3,combo,mean,base,2340,0.012451078658115398,-0.9964525801352616,0.6302267404887029,0.011836637824297093,-0.9991553861782182,0.5992573065637623,682,1657,2.335042735042735,3.7944444444444443
timemixer+patchtst::gated::gated_q50_right,timemixer+patchtst,2,gated,gated_q50_right,base,2340,0.012444726589533267,-0.9945665484258328,0.6308706140519501,0.011902778844914991,-0.9984630900528448,0.6035430467837553,600,1739,2.0547008547008545,3.338888888888889
"timesnet+patchtst::weighted_rank::{""dominant"": ""patchtst"", ""weights"": [0.4, 0.6]}",timesnet+patchtst,2,weighted_rank,"{""dominant"": ""patchtst"", ""weights"": [0.4, 0.6]}",base,2340,0.012393273965793967,-0.6404571245105978,0.6743789812336585,0.011559633209532703,-0.9486248903386623,0.6290592970964863,925,1414,3.1658119658119657,5.144444444444445
timesnet+itransformer::combo::zscore_mean,timesnet+itransformer,2,combo,zscore_mean,base,2340,0.012389433055697157,0.06759319310419887,0.6831848566332063,0.011499517630528677,-0.8666459265997423,0.6341257962629054,989,1350,3.3846153846153846,5.5
tsmixer+timesnet::gated::gated_q50_right,tsmixer+timesnet,2,gated,gated_q50_right,base,2340,0.012300644205619467,-0.023713162424769507,0.827401977890768,0.01120666810539083,-0.9223779512587823,0.7545045242305081,1204,1135,4.119658119658119,6.694444444444445
timesnet+itransformer+patchtst::combo::rank_mean,timesnet+itransformer+patchtst,3,combo,rank_mean,base,2340,0.012193477462767383,0.4591242260879558,0.6727983568423578,0.011352489110923052,-0.7945497522297852,0.6264309093366461,932,1407,3.18974358974359,5.183333333333334
tsmixer+patchtst::combo::zscore_mean,tsmixer+patchtst,2,combo,zscore_mean,base,2340,0.012188784998838256,56.55227038245238,0.8656644836388231,0.010518351394443123,0.1825082626944916,0.7474615604373902,1848,491,6.321367521367521,10.272222222222222
tsmixer+patchtst::gated::gated_q50_right,tsmixer+patchtst,2,gated,gated_q50_right,base,2340,0.012187152644949243,-0.9967027329758124,0.6181634156408785,0.011628932832156559,-0.9991000594538751,0.5899965773797701,617,1722,2.112820512820513,3.433333333333333
"timesnet+timemixer::weighted_rank::{""dominant"": ""timesnet"", ""weights"": [0.6, 0.4]}",timesnet+timemixer,2,weighted_rank,"{""dominant"": ""timesnet"", ""weights"": [0.6, 0.4]}",base,2340,0.012159221811054615,-0.861069472527506,0.6596951230393676,0.011265095679686081,-0.9827912995259822,0.6112284369369456,993,1346,3.398290598290598,5.522222222222222
"timesnet+itransformer::weighted_rank::{""dominant"": ""itransformer"", ""weights"": [0.4, 0.6]}",timesnet+itransformer,2,weighted_rank,"{""dominant"": ""itransformer"", ""weights"": [0.4, 0.6]}",base,2340,0.012149599101963813,0.6490411050924194,0.671693444318096,0.011170283560094753,-0.8319969872825788,0.6175794521542671,1086,1253,3.7162393162393164,6.038888888888889
timemixer+itransformer+patchtst::combo::mean,timemixer+itransformer+patchtst,3,combo,mean,base,2340,0.012137060661680897,-0.995667718999375,0.6180581928063018,0.011515833823035474,-0.9989878392644476,0.5865399779919729,691,1648,2.365811965811966,3.8444444444444446
timemixer+itransformer+patchtst::combo::zscore_mean,timemixer+itransformer+patchtst,3,combo,zscore_mean,base,2340,0.012115391662621069,-0.9955840447154407,0.6171392185242611,0.01149493896244466,-0.9989661201773995,0.5856517687053389,690,1649,2.3623931623931624,3.838888888888889
patchtst,patchtst,1,single,patchtst,base,2340,0.012097518375176669,-0.9975426595816599,0.6133800920215746,0.011549106730288054,-0.9993150635612533,0.5857167484710891,607,1732,2.078632478632479,3.3777777777777778
timesnet+itransformer::combo::mean,timesnet+itransformer,2,combo,mean,base,2340,0.012064727456433135,-0.5978655108523716,0.6647862394550571,0.011179829331378,-0.9492385013050207,0.6160351584857693,984,1355,3.3675213675213675,5.472222222222222
"timesnet+itransformer+patchtst::weighted_rank::{""dominant"": ""timesnet"", ""weights"": [0.5, 0.25, 0.25]}",timesnet+itransformer+patchtst,3,weighted_rank,"{""dominant"": ""timesnet"", ""weights"": [0.5, 0.25, 0.25]}",base,2340,0.012027447415448951,0.2887908148262368,0.665021384992696,0.011154741128036227,-0.8317535373190886,0.6167946599682971,968,1371,3.312820512820513,5.383333333333334
tsmixer+timesnet+timemixer::combo::zscore_mean,tsmixer+timesnet+timemixer,3,combo,zscore_mean,base,2340,0.011878294506969951,0.7960303696796263,0.8262878648039251,0.010533566121685494,-0.9213743385615824,0.7331632857384497,1488,851,5.09059829059829,8.272222222222222
"timesnet+timemixer+patchtst::weighted_rank::{""dominant"": ""timesnet"", ""weights"": [0.5, 0.25, 0.25]}",timesnet+timemixer+patchtst,3,weighted_rank,"{""dominant"": ""timesnet"", ""weights"": [0.5, 0.25, 0.25]}",base,2340,0.011868438129211468,-0.928803872787035,0.6446565387145016,0.011009672286046124,-0.990428164486987,0.5980486734442118,954,1385,3.264957264957265,5.305555555555555
timesnet+timemixer+itransformer::combo::mean,timesnet+timemixer+itransformer,3,combo,mean,base,2340,0.011845703449389424,-0.9666651402893662,0.6479357727478439,0.011095129245908606,-0.9942331260463848,0.6069030976311839,834,1505,2.8547008547008548,4.638888888888889
timesnet+timemixer::combo::rank_mean,timesnet+timemixer,2,combo,rank_mean,base,2340,0.011728459669178525,-0.9346538982757163,0.6377840336150054,0.010859741629778907,-0.9914334048321602,0.5905719786362458,966,1373,3.305982905982906,5.372222222222222
tsmixer+timemixer+itransformer::combo::zscore_mean,tsmixer+timemixer+itransformer,3,combo,zscore_mean,base,2340,0.011694467376728995,0.6288516703152462,0.8258378371394014,0.010310951140440859,-0.9347160935679234,0.7285425682991866,1530,809,5.234188034188034,8.505555555555556
"timesnet+timemixer+itransformer::weighted_rank::{""dominant"": ""timesnet"", ""weights"": [0.5, 0.25, 0.25]}",timesnet+timemixer+itransformer,3,weighted_rank,"{""dominant"": ""timesnet"", ""weights"": [0.5, 0.25, 0.25]}",base,2340,0.011667055933118637,-0.4609207284283088,0.6448446496450422,0.010785510518652437,-0.9310886282328472,0.596149298307931,978,1361,3.347008547008547,5.438888888888889
"timesnet+itransformer+patchtst::weighted_rank::{""dominant"": ""patchtst"", ""weights"": [0.25, 0.25, 0.5]}",timesnet+itransformer+patchtst,3,weighted_rank,"{""dominant"": ""patchtst"", ""weights"": [0.25, 0.25, 0.5]}",base,2340,0.011643101549793646,-0.362960240184636,0.6454249528156037,0.010822477079223793,-0.9062558965222117,0.5999467248360392,911,1428,3.117948717948718,5.066666666666666
timesnet+timemixer+itransformer::combo::rank_mean,timesnet+timemixer+itransformer,3,combo,rank_mean,base,2340,0.011619176289226344,-0.6608494550420398,0.6406839211275721,0.010758139494287399,-0.9545947233405649,0.5932334925170675,956,1383,3.2717948717948717,5.316666666666666
"timesnet+itransformer+patchtst::weighted_rank::{""dominant"": ""itransformer"", ""weights"": [0.25, 0.5, 0.25]}",timesnet+itransformer+patchtst,3,weighted_rank,"{""dominant"": ""itransformer"", ""weights"": [0.25, 0.5, 0.25]}",base,2340,0.011424455882114333,-0.693333461618606,0.6314820837924623,0.010566125981986205,-0.9585971442999053,0.584069946408186,952,1387,3.258119658119658,5.294444444444444
tsmixer+timemixer::combo::zscore_mean,tsmixer+timemixer,2,combo,zscore_mean,base,2340,0.01134472682835374,19.47665547905151,0.8189610294589392,0.009674959215358712,-0.5801557382862395,0.6988164425899698,1849,490,6.3247863247863245,10.277777777777779
tsmixer+itransformer::combo::zscore_mean,tsmixer+itransformer,2,combo,zscore_mean,base,2340,0.011330659485465352,88.27192294216367,0.9281622859939695,0.009652942292327696,0.8112627865082918,0.7911374448742998,1854,485,6.3418803418803416,10.305555555555555
tsmixer,tsmixer,1,single,tsmixer,base,2340,0.011290051602165549,118.05329974740779,0.8219537568875276,0.009484411781738158,0.7886154233715481,0.690915749161582,1997,342,6.8307692307692305,11.1
"timesnet+timemixer+itransformer::weighted_rank::{""dominant"": ""itransformer"", ""weights"": [0.25, 0.25, 0.5]}",timesnet+timemixer+itransformer,3,weighted_rank,"{""dominant"": ""itransformer"", ""weights"": [0.25, 0.25, 0.5]}",base,2340,0.011220390307262533,-0.7530837993526656,0.6222239512939317,0.010332452295317885,-0.9688317298436754,0.5730179978460566,984,1355,3.3675213675213675,5.472222222222222
timesnet+timemixer+patchtst::combo::rank_mean,timesnet+timemixer+patchtst,3,combo,rank_mean,base,2340,0.011162895059740212,-0.98792153732743,0.6057135183756573,0.0103432989885884,-0.9982263147362124,0.5612718071837764,912,1427,3.1213675213675214,5.072222222222222
tsmixer+timesnet::combo::mean,tsmixer+timesnet,2,combo,mean,base,2340,0.01115605722364614,5.381346972976466,0.8723734900741155,0.010021367868791342,-0.543233979762053,0.7839626755448847,1254,1085,4.2905982905982905,6.972222222222222
"tsmixer+timemixer::weighted_rank::{""dominant"": ""timemixer"", ""weights"": [0.4, 0.6]}",tsmixer+timemixer,2,weighted_rank,"{""dominant"": ""timemixer"", ""weights"": [0.4, 0.6]}",base,2340,0.011131061644183158,51.82764938257004,0.816769126706697,0.009381512286753631,-0.09969781004690681,0.6887863567040552,1937,402,6.625641025641026,10.766666666666667
"timesnet+timemixer+patchtst::weighted_rank::{""dominant"": ""patchtst"", ""weights"": [0.25, 0.25, 0.5]}",timesnet+timemixer+patchtst,3,weighted_rank,"{""dominant"": ""patchtst"", ""weights"": [0.25, 0.25, 0.5]}",base,2340,0.011084332147778642,-0.980524764588197,0.6045221670765095,0.010288380862096257,-0.9969668191489609,0.5611522742191065,884,1455,3.0256410256410255,4.916666666666667
tsmixer+timemixer+patchtst::combo::rank_mean,tsmixer+timemixer+patchtst,3,combo,rank_mean,base,2340,0.011060788633938301,39.26576148400772,0.810344514582395,0.009330335664927854,-0.2828236553677057,0.683964173162405,1916,423,6.553846153846154,10.65
itransformer+patchtst::combo::zscore_mean,itransformer+patchtst,2,combo,zscore_mean,base,2340,0.011016914842112273,-0.9816413378132043,0.6083515699462275,0.010330874698597291,-0.9963207475223469,0.5704738418470096,764,1575,2.6153846153846154,4.25
"timesnet+timemixer::weighted_rank::{""dominant"": ""timemixer"", ""weights"": [0.4, 0.6]}",timesnet+timemixer,2,weighted_rank,"{""dominant"": ""timemixer"", ""weights"": [0.4, 0.6]}",base,2340,0.010917615824543658,-0.9876597707372212,0.5941801042819761,0.010056809508708119,-0.9983617245010462,0.5473518552480926,960,1379,3.2854700854700853,5.338888888888889
itransformer+patchtst::combo::mean,itransformer+patchtst,2,combo,mean,base,2340,0.010864280123857883,-0.9872711467510542,0.5998955257439923,0.010174820123263817,-0.9974703657023427,0.5618300721478252,768,1571,2.629059829059829,4.272222222222222
tsmixer+itransformer+patchtst::combo::mean,tsmixer+itransformer+patchtst,3,combo,mean,base,2340,0.010736552359402286,-0.9938814126130847,0.5917155639859784,0.009944093592349417,-0.99904705736773,0.5480386421761757,884,1455,3.0256410256410255,4.916666666666667
tsmixer+itransformer::combo::mean,tsmixer+itransformer,2,combo,mean,base,2340,0.010733223195931998,-0.9814806866989186,0.5939034521531532,0.00963741063950506,-0.9985732605341363,0.5332772874567745,1219,1120,4.170940170940171,6.777777777777778
"timesnet+timemixer+itransformer::weighted_rank::{""dominant"": ""timemixer"", ""weights"": [0.25, 0.5, 0.25]}",timesnet+timemixer+itransformer,3,weighted_rank,"{""dominant"": ""timemixer"", ""weights"": [0.25, 0.5, 0.25]}",base,2340,0.01069601882495877,-0.8891350466561138,0.5955772068157316,0.009844856134064425,-0.9848104167706834,0.5481963259457486,945,1394,3.2341880341880342,5.2555555555555555
"tsmixer+timemixer+patchtst::weighted_rank::{""dominant"": ""tsmixer"", ""weights"": [0.5, 0.25, 0.25]}",tsmixer+timemixer+patchtst,3,weighted_rank,"{""dominant"": ""tsmixer"", ""weights"": [0.5, 0.25, 0.25]}",base,2340,0.010533788155659496,16.559860714264648,0.7756035656354212,0.00877451880213514,-0.7081915999387447,0.6464343116385701,1949,390,6.666666666666667,10.833333333333334
"timemixer+itransformer::weighted_rank::{""dominant"": ""itransformer"", ""weights"": [0.4, 0.6]}",timemixer+itransformer,2,weighted_rank,"{""dominant"": ""itransformer"", ""weights"": [0.4, 0.6]}",base,2340,0.010419128205909605,-0.97996899004595,0.5791359192287888,0.009564762277524211,-0.9972956259948281,0.5316446497647074,952,1387,3.258119658119658,5.294444444444444
tsmixer+timemixer+patchtst::combo::zscore_mean,tsmixer+timemixer+patchtst,3,combo,zscore_mean,base,2340,0.010376355052679073,-0.9097037387152773,0.7369394820413883,0.009044632116971409,-0.995920487426217,0.6427327077639613,1473,866,5.039316239316239,8.188888888888888
"tsmixer+patchtst::weighted_rank::{""dominant"": ""patchtst"", ""weights"": [0.4, 0.6]}",tsmixer+patchtst,2,weighted_rank,"{""dominant"": ""patchtst"", ""weights"": [0.4, 0.6]}",base,2340,0.010373464024037262,9.098263287386093,0.7622510281967904,0.008638278667186156,-0.8227651769232318,0.6351011086691376,1923,416,6.5777777777777775,10.688888888888888
"timesnet+timemixer+patchtst::weighted_rank::{""dominant"": ""timemixer"", ""weights"": [0.25, 0.5, 0.25]}",timesnet+timemixer+patchtst,3,weighted_rank,"{""dominant"": ""timemixer"", ""weights"": [0.25, 0.5, 0.25]}",base,2340,0.010345135765062565,-0.9965583103310672,0.5641811039804856,0.00953940969427703,-0.9994784157414598,0.5202698098039911,897,1442,3.0700854700854703,4.988888888888889
tsmixer+patchtst::combo::rank_mean,tsmixer+patchtst,2,combo,rank_mean,base,2340,0.01025825709883034,8.488384476156503,0.7556992121400273,0.008502357243827138,-0.8409919557116899,0.6267090915785907,1945,394,6.652991452991453,10.811111111111112
"tsmixer+patchtst::weighted_rank::{""dominant"": ""tsmixer"", ""weights"": [0.6, 0.4]}",tsmixer+patchtst,2,weighted_rank,"{""dominant"": ""tsmixer"", ""weights"": [0.6, 0.4]}",base,2340,0.010217717956543783,9.818510236725862,0.754035409029434,0.008445321362378197,-0.8254303117088667,0.6236002679566321,1963,376,6.714529914529915,10.911111111111111
tsmixer+itransformer::gated::gated_q50_right,tsmixer+itransformer,2,gated,gated_q50_right,base,2340,0.010190855734789499,-0.9976193262856478,0.5625023372583121,0.00919776459777368,-0.9997669508652142,0.5076997636069582,1105,1234,3.781196581196581,6.144444444444445
"tsmixer+timemixer::weighted_rank::{""dominant"": ""tsmixer"", ""weights"": [0.6, 0.4]}",tsmixer+timemixer,2,weighted_rank,"{""dominant"": ""tsmixer"", ""weights"": [0.6, 0.4]}",base,2340,0.01009468095768,5.9208908128092625,0.7439972930419918,0.00831521370048329,-0.8901846182376836,0.6132091791246153,1971,368,6.741880341880342,10.955555555555556
timemixer+itransformer::combo::mean,timemixer+itransformer,2,combo,mean,base,2340,0.010053287728152222,-0.9981708895845186,0.5549101495692608,0.009328544561475497,-0.9996665007442249,0.5149042516122974,809,1530,2.769230769230769,4.5
itransformer,itransformer,1,single,itransformer,base,2340,0.010033784791470829,-0.9976407273310576,0.5547017320854882,0.009041577365210395,-0.9997685600752164,0.4998613062283959,1104,1235,3.7777777777777777,6.138888888888889
timesnet,timesnet,1,single,timesnet,base,2340,0.010021204336148757,-0.4641264226813826,0.7905660227555649,0.008924740433082877,-0.9582799554943877,0.7043415132548652,1214,1125,4.153846153846154,6.75
timemixer+itransformer+patchtst::combo::rank_mean,timemixer+itransformer+patchtst,3,combo,rank_mean,base,2340,0.010008102329387092,-0.9929162964052591,0.5559682782727415,0.009311620134559332,-0.9986186105998666,0.5172727439163236,777,1562,2.6598290598290597,4.322222222222222
"itransformer+patchtst::weighted_rank::{""dominant"": ""itransformer"", ""weights"": [0.6, 0.4]}",itransformer+patchtst,2,weighted_rank,"{""dominant"": ""itransformer"", ""weights"": [0.6, 0.4]}",base,2340,0.009985090287831174,-0.991770095014114,0.5555856035699672,0.009154923829094466,-0.9988215547219674,0.5093972961225456,924,1415,3.1623931623931623,5.138888888888889
tsmixer+timemixer::combo::rank_mean,tsmixer+timemixer,2,combo,rank_mean,base,2340,0.009958962850703785,3.817232884294765,0.7340064755066927,0.008196812364169661,-0.9206175924964806,0.6044745985360341,1953,386,6.680341880341881,10.855555555555556
"tsmixer+timemixer+patchtst::weighted_rank::{""dominant"": ""timemixer"", ""weights"": [0.25, 0.5, 0.25]}",tsmixer+timemixer+patchtst,3,weighted_rank,"{""dominant"": ""timemixer"", ""weights"": [0.25, 0.5, 0.25]}",base,2340,0.009939103157593195,0.8810892739759517,0.7263318390182527,0.00823237589727644,-0.9647629095729199,0.6019592595802468,1892,447,6.471794871794872,10.516666666666667
tsmixer+timemixer+itransformer::combo::mean,tsmixer+timemixer+itransformer,3,combo,mean,base,2340,0.009857183572481611,-0.9992467743992545,0.5430662819006522,0.009070585524328293,-0.9998814495284497,0.4997250492100063,879,1460,3.0085470085470085,4.888888888888889
"tsmixer+timemixer+patchtst::weighted_rank::{""dominant"": ""patchtst"", ""weights"": [0.25, 0.25, 0.5]}",tsmixer+timemixer+patchtst,3,weighted_rank,"{""dominant"": ""patchtst"", ""weights"": [0.25, 0.25, 0.5]}",base,2340,0.009725205535205339,0.19347258498787911,0.7110323453412867,0.008022240605457647,-0.9774548473458099,0.5868693367100063,1888,451,6.458119658119658,10.494444444444444
"itransformer+patchtst::weighted_rank::{""dominant"": ""patchtst"", ""weights"": [0.4, 0.6]}",itransformer+patchtst,2,weighted_rank,"{""dominant"": ""patchtst"", ""weights"": [0.4, 0.6]}",base,2340,0.009673894109417495,-0.9965054179692077,0.5377357080613078,0.008934572713204077,-0.999383902013211,0.4966316365981215,825,1514,2.823931623931624,4.588888888888889
timemixer+itransformer::combo::zscore_mean,timemixer+itransformer,2,combo,zscore_mean,base,2340,0.009643388664361863,-0.9993635942270774,0.5320771123465786,0.00892815544838039,-0.9998815011039396,0.49260870293545844,799,1540,2.735042735042735,4.444444444444445
timemixer+itransformer::combo::rank_mean,timemixer+itransformer,2,combo,rank_mean,base,2340,0.009629659313911867,-0.9977926783592216,0.5340714763345176,0.008830967076640559,-0.9996605263560646,0.4897766088679767,890,1449,3.046153846153846,4.95
"timemixer+itransformer+patchtst::weighted_rank::{""dominant"": ""patchtst"", ""weights"": [0.25, 0.25, 0.5]}",timemixer+itransformer+patchtst,3,weighted_rank,"{""dominant"": ""patchtst"", ""weights"": [0.25, 0.25, 0.5]}",base,2340,0.009583587049805626,-0.9977824140840048,0.5319646069139061,0.008902831731809863,-0.9995518234654384,0.4941727786400771,760,1579,2.601709401709402,4.227777777777778
itransformer+patchtst::combo::rank_mean,itransformer+patchtst,2,combo,rank_mean,base,2340,0.009583505075698795,-0.9976060707320018,0.532188501306313,0.008816281118951445,-0.9996045627318562,0.4895776560332576,856,1483,2.9299145299145297,4.761111111111111
"timemixer+itransformer+patchtst::weighted_rank::{""dominant"": ""itransformer"", ""weights"": [0.25, 0.5, 0.25]}",timemixer+itransformer+patchtst,3,weighted_rank,"{""dominant"": ""itransformer"", ""weights"": [0.25, 0.5, 0.25]}",base,2340,0.009347764909983038,-0.9982655807600502,0.519666130450307,0.008593329468421134,-0.9997049499368866,0.4777192466636633,842,1497,2.882051282051282,4.683333333333334
"timemixer+itransformer+patchtst::weighted_rank::{""dominant"": ""timemixer"", ""weights"": [0.5, 0.25, 0.25]}",timemixer+itransformer+patchtst,3,weighted_rank,"{""dominant"": ""timemixer"", ""weights"": [0.5, 0.25, 0.25]}",base,2340,0.00933402747212799,-0.998673196581164,0.5182686085610023,0.008671618047012886,-0.999720342972915,0.48148417405975047,740,1599,2.533333333333333,4.116666666666666
"timemixer+itransformer::weighted_rank::{""dominant"": ""timemixer"", ""weights"": [0.6, 0.4]}",timemixer+itransformer,2,weighted_rank,"{""dominant"": ""timemixer"", ""weights"": [0.6, 0.4]}",base,2340,0.009294556638085873,-0.9986156342629509,0.5164913205014002,0.008528442675391145,-0.9997708448354696,0.473911626659182,855,1484,2.9264957264957263,4.7555555555555555
tsmixer+timemixer::combo::mean,tsmixer+timemixer,2,combo,mean,base,2340,0.008819976601583889,-0.9968986321726453,0.6300304943810363,0.00801479876328913,-0.9995270190826203,0.5727903672316873,894,1445,3.0598290598290596,4.972222222222222
tsmixer+timesnet::combo::zscore_mean,tsmixer+timesnet,2,combo,zscore_mean,base,2340,0.008332977604895767,-0.6589152330679467,0.7147109663246622,0.006749801920416859,-0.9915329665527811,0.5790515792045418,1758,581,6.013675213675214,9.772222222222222
tsmixer+timesnet+itransformer::combo::rank_mean,tsmixer+timesnet+itransformer,3,combo,rank_mean,base,2340,0.0068037623791626575,-0.33853324738526935,0.6219571057556696,0.005009013607155584,-0.9900623532629136,0.4579637953756178,1997,342,6.8307692307692305,11.1
tsmixer+timesnet+timemixer::combo::rank_mean,tsmixer+timesnet+timemixer,3,combo,rank_mean,base,2340,0.006651137696464893,-0.8836313164434985,0.5922898690717799,0.004874987110084641,-0.9981690048231165,0.4342284525950454,1975,364,6.7555555555555555,10.977777777777778
"tsmixer+timesnet+itransformer::weighted_rank::{""dominant"": ""timesnet"", ""weights"": [0.25, 0.5, 0.25]}",tsmixer+timesnet+itransformer,3,weighted_rank,"{""dominant"": ""timesnet"", ""weights"": [0.25, 0.5, 0.25]}",base,2340,0.006614419943813005,-0.5568827577143804,0.6051699897386824,0.004840442598558096,-0.9930131365896725,0.4429343489422807,1974,365,6.752136752136752,10.972222222222221
"tsmixer+itransformer::weighted_rank::{""dominant"": ""tsmixer"", ""weights"": [0.6, 0.4]}",tsmixer+itransformer,2,weighted_rank,"{""dominant"": ""tsmixer"", ""weights"": [0.6, 0.4]}",base,2340,0.006605505303525082,-0.6777333792787252,0.6008924378533615,0.004789880544701859,-0.9953770913177957,0.43582294700445706,2019,320,6.905982905982906,11.222222222222221
"tsmixer+timesnet+itransformer::weighted_rank::{""dominant"": ""itransformer"", ""weights"": [0.25, 0.25, 0.5]}",tsmixer+timesnet+itransformer,3,weighted_rank,"{""dominant"": ""itransformer"", ""weights"": [0.25, 0.25, 0.5]}",base,2340,0.00645756977358452,-0.7202876576881485,0.5890185561693839,0.004689823507080936,-0.9955336743802681,0.4278376342426227,1968,371,6.731623931623932,10.938888888888888
tsmixer+itransformer::combo::rank_mean,tsmixer+itransformer,2,combo,rank_mean,base,2340,0.006442076063020197,-0.8042456752243918,0.5851654353237342,0.004641993372465462,-0.9970958987654444,0.42173190665772814,2003,336,6.851282051282051,11.133333333333333
"tsmixer+timesnet+itransformer::weighted_rank::{""dominant"": ""tsmixer"", ""weights"": [0.5, 0.25, 0.25]}",tsmixer+timesnet+itransformer,3,weighted_rank,"{""dominant"": ""tsmixer"", ""weights"": [0.5, 0.25, 0.25]}",base,2340,0.006336136779827442,-0.7487847806840557,0.5805386190073377,0.004520521874461808,-0.9964038863251063,0.414264684090609,2020,319,6.90940170940171,11.227777777777778
"tsmixer+timesnet+timemixer::weighted_rank::{""dominant"": ""timesnet"", ""weights"": [0.25, 0.5, 0.25]}",tsmixer+timesnet+timemixer,3,weighted_rank,"{""dominant"": ""timesnet"", ""weights"": [0.25, 0.5, 0.25]}",base,2340,0.006244442809646718,-0.9503726331704907,0.5568263085928884,0.004490468341562273,-0.9991804784445631,0.40050480222558327,1952,387,6.676923076923077,10.85
"tsmixer+timesnet+patchtst::weighted_rank::{""dominant"": ""tsmixer"", ""weights"": [0.5, 0.25, 0.25]}",tsmixer+timesnet+patchtst,3,weighted_rank,"{""dominant"": ""tsmixer"", ""weights"": [0.5, 0.25, 0.25]}",base,2340,0.006238307818469062,-0.9368155803179925,0.5583400548137621,0.004451756122240957,-0.9990285436135209,0.3985505843418489,1986,353,6.793162393162393,11.03888888888889
"tsmixer+timesnet+patchtst::weighted_rank::{""dominant"": ""patchtst"", ""weights"": [0.25, 0.25, 0.5]}",tsmixer+timesnet+patchtst,3,weighted_rank,"{""dominant"": ""patchtst"", ""weights"": [0.25, 0.25, 0.5]}",base,2340,0.0060950280411032065,-0.9674274770858219,0.5427201600773596,0.004364741267303915,-0.9994307163444537,0.3887461383686289,1925,414,6.584615384615384,10.7
"tsmixer+timesnet::weighted_rank::{""dominant"": ""tsmixer"", ""weights"": [0.6, 0.4]}",tsmixer+timesnet,2,weighted_rank,"{""dominant"": ""tsmixer"", ""weights"": [0.6, 0.4]}",base,2340,0.006083635840709676,-0.9193746899725086,0.5494062163077511,0.004255507243482972,-0.9988745957122929,0.3844110838738121,2032,307,6.950427350427351,11.294444444444444
"tsmixer+timesnet+timemixer::weighted_rank::{""dominant"": ""tsmixer"", ""weights"": [0.5, 0.25, 0.25]}",tsmixer+timesnet+timemixer,3,weighted_rank,"{""dominant"": ""tsmixer"", ""weights"": [0.5, 0.25, 0.25]}",base,2340,0.006037647342744039,-0.9628766805079967,0.5400307716240158,0.004242719780236206,-0.9994410990316082,0.3795885093317457,1996,343,6.827350427350427,11.094444444444445
"tsmixer+timesnet+timemixer::weighted_rank::{""dominant"": ""timemixer"", ""weights"": [0.25, 0.25, 0.5]}",tsmixer+timesnet+timemixer,3,weighted_rank,"{""dominant"": ""timemixer"", ""weights"": [0.25, 0.25, 0.5]}",base,2340,0.006018307781055896,-0.9737180839360496,0.5355796054362131,0.004280787424663295,-0.9995492646520405,0.381039347508649,1934,405,6.615384615384615,10.75
tsmixer+timesnet+patchtst::combo::rank_mean,tsmixer+timesnet+patchtst,3,combo,rank_mean,base,2340,0.005984230572302624,-0.9721819787403477,0.5338419376309118,0.004215849947945971,-0.9995558138764441,0.37617543813885845,1968,371,6.731623931623932,10.938888888888888
"tsmixer+itransformer::weighted_rank::{""dominant"": ""itransformer"", ""weights"": [0.4, 0.6]}",tsmixer+itransformer,2,weighted_rank,"{""dominant"": ""itransformer"", ""weights"": [0.4, 0.6]}",base,2340,0.005960054247379174,-0.9327630295565598,0.5421598804310804,0.0041634940052386665,-0.9989962025296928,0.37880238253307125,2000,339,6.841025641025641,11.116666666666667
"tsmixer+timesnet+patchtst::weighted_rank::{""dominant"": ""timesnet"", ""weights"": [0.25, 0.5, 0.25]}",tsmixer+timesnet+patchtst,3,weighted_rank,"{""dominant"": ""timesnet"", ""weights"": [0.25, 0.5, 0.25]}",base,2340,0.005890831371892629,-0.9782213716464419,0.5250982548915484,0.00413988978472802,-0.9996380844473204,0.3691069588913295,1949,390,6.666666666666667,10.833333333333334
"tsmixer+timesnet::weighted_rank::{""dominant"": ""timesnet"", ""weights"": [0.4, 0.6]}",tsmixer+timesnet,2,weighted_rank,"{""dominant"": ""timesnet"", ""weights"": [0.4, 0.6]}",base,2340,0.005804479043099215,-0.9731058724457776,0.5203651574517036,0.003993797435599347,-0.999610129770441,0.3581276915321753,2014,325,6.888888888888889,11.194444444444445
tsmixer+timemixer+itransformer::combo::rank_mean,tsmixer+timemixer+itransformer,3,combo,rank_mean,base,2340,0.005735840334269582,-0.9739562362530494,0.5190507046906906,0.003980230223790452,-0.9995726287321703,0.3602515786006773,1955,384,6.687179487179487,10.866666666666667
"tsmixer+timemixer+itransformer::weighted_rank::{""dominant"": ""tsmixer"", ""weights"": [0.5, 0.25, 0.25]}",tsmixer+timemixer+itransformer,3,weighted_rank,"{""dominant"": ""tsmixer"", ""weights"": [0.5, 0.25, 0.25]}",base,2340,0.005471746783425602,-0.9845430914936846,0.4957030662423498,0.0036978189874920402,-0.999756282766334,0.3350816488824849,1974,365,6.752136752136752,10.972222222222221
tsmixer+timesnet::combo::rank_mean,tsmixer+timesnet,2,combo,rank_mean,base,2340,0.005410865638635719,-0.9849757484042637,0.4880573495731784,0.0035953796875191485,-0.9997844773902116,0.32439027776074647,2019,320,6.905982905982906,11.222222222222221
"tsmixer+itransformer+patchtst::weighted_rank::{""dominant"": ""tsmixer"", ""weights"": [0.5, 0.25, 0.25]}",tsmixer+itransformer+patchtst,3,weighted_rank,"{""dominant"": ""tsmixer"", ""weights"": [0.5, 0.25, 0.25]}",base,2340,0.0051807237080725025,-0.99097783058392,0.4705127826342449,0.0033934670930166172,-0.999862445695439,0.30826450987516635,1990,349,6.806837606837607,11.061111111111112
tsmixer+itransformer+patchtst::combo::rank_mean,tsmixer+itransformer+patchtst,3,combo,rank_mean,base,2340,0.00506171779245284,-0.9935552427083628,0.4597489074076277,0.003307647774997337,-0.9998942432391361,0.30047983098955877,1955,384,6.687179487179487,10.866666666666667
"tsmixer+timemixer+itransformer::weighted_rank::{""dominant"": ""itransformer"", ""weights"": [0.25, 0.25, 0.5]}",tsmixer+timemixer+itransformer,3,weighted_rank,"{""dominant"": ""itransformer"", ""weights"": [0.25, 0.25, 0.5]}",base,2340,0.004985681487017006,-0.9960769351075404,0.4503756993099172,0.0032362877449656335,-0.99993494365053,0.292401063061907,1950,389,6.67008547008547,10.838888888888889
"tsmixer+itransformer+patchtst::weighted_rank::{""dominant"": ""itransformer"", ""weights"": [0.25, 0.5, 0.25]}",tsmixer+itransformer+patchtst,3,weighted_rank,"{""dominant"": ""itransformer"", ""weights"": [0.25, 0.5, 0.25]}",base,2340,0.004902394689259688,-0.9966563499496637,0.4430525527106724,0.003157838415337114,-0.9999439665143603,0.28544020751293936,1945,394,6.652991452991453,10.811111111111112
"tsmixer+timemixer+itransformer::weighted_rank::{""dominant"": ""timemixer"", ""weights"": [0.25, 0.5, 0.25]}",tsmixer+timemixer+itransformer,3,weighted_rank,"{""dominant"": ""timemixer"", ""weights"": [0.25, 0.5, 0.25]}",base,2340,0.004826552268005555,-0.9968837768106903,0.4367788218463109,0.0030836235343925417,-0.9999474475520143,0.2791167865567037,1942,397,6.642735042735043,10.794444444444444
"tsmixer+itransformer+patchtst::weighted_rank::{""dominant"": ""patchtst"", ""weights"": [0.25, 0.25, 0.5]}",tsmixer+itransformer+patchtst,3,weighted_rank,"{""dominant"": ""patchtst"", ""weights"": [0.25, 0.25, 0.5]}",base,2340,0.004705877458059577,-0.9975394547046155,0.4266507440751363,0.00298034668300071,-0.9999569055635408,0.27025387825785135,1924,415,6.581196581196581,10.694444444444445
